{
    "ch0": {
        "precision": 0.9710743801652892,
        "recall": 0.5024051309460181,
        "f1-score": 0.6622050017611835,
        "support": 1871.0
    },
    "ch1": {
        "precision": 1.0,
        "recall": 0.10130548302872062,
        "f1-score": 0.18397344713134187,
        "support": 1915.0
    },
    "ch2": {
        "precision": 1.0,
        "recall": 0.07605101558809636,
        "f1-score": 0.14135206321334504,
        "support": 2117.0
    },
    "ch3": {
        "precision": 1.0,
        "recall": 0.0009293680297397769,
        "f1-score": 0.0018570102135561746,
        "support": 2152.0
    },
    "ch4": {
        "precision": 0.9736346516007532,
        "recall": 0.5365853658536586,
        "f1-score": 0.6918701906992305,
        "support": 1927.0
    },
    "ch5": {
        "precision": 0.9864472410454985,
        "recall": 0.46129470348574014,
        "f1-score": 0.6286243059839605,
        "support": 2209.0
    },
    "ch6": {
        "precision": 0.9984984984984985,
        "recall": 0.25966419367434596,
        "f1-score": 0.4121475054229935,
        "support": 2561.0
    },
    "ch7": {
        "precision": 1.0,
        "recall": 0.26371681415929205,
        "f1-score": 0.4173669467787115,
        "support": 2260.0
    },
    "ch8": {
        "precision": 1.0,
        "recall": 0.28369384359401,
        "f1-score": 0.4419961114711601,
        "support": 2404.0
    },
    "ch9": {
        "precision": 1.0,
        "recall": 0.0905811623246493,
        "f1-score": 0.1661153987504594,
        "support": 2495.0
    },
    "ch10": {
        "precision": 1.0,
        "recall": 0.1392174704276615,
        "f1-score": 0.24440894568690097,
        "support": 2198.0
    },
    "ch11": {
        "precision": 0.998211091234347,
        "recall": 0.22454728370221327,
        "f1-score": 0.36662286465177396,
        "support": 2485.0
    },
    "ch12": {
        "precision": 1.0,
        "recall": 0.5341380611090155,
        "f1-score": 0.6963363658716498,
        "support": 2651.0
    },
    "ch13": {
        "precision": 1.0,
        "recall": 0.5038099506947558,
        "f1-score": 0.6700447093889716,
        "support": 2231.0
    },
    "ch14": {
        "precision": 1.0,
        "recall": 0.6315496098104794,
        "f1-score": 0.7741715066621114,
        "support": 1794.0
    },
    "micro avg": {
        "precision": 0.9928909952606635,
        "recall": 0.30225428313796215,
        "f1-score": 0.46343149453891885,
        "support": 33270.0
    },
    "macro avg": {
        "precision": 0.9951910575029591,
        "recall": 0.3072992970952264,
        "f1-score": 0.43327282491249,
        "support": 33270.0
    },
    "weighted avg": {
        "precision": 0.9956971839725104,
        "recall": 0.30225428313796215,
        "f1-score": 0.42891985910793434,
        "support": 33270.0
    },
    "samples avg": {
        "precision": 0.15497465990930914,
        "recall": 0.12863847025873568,
        "f1-score": 0.13701987196585758,
        "support": 33270.0
    }
}