{
    "ch0": {
        "precision": 0.6609674728940784,
        "recall": 0.6933508311461067,
        "f1-score": 0.6767719897523484,
        "support": 2286.0
    },
    "ch1": {
        "precision": 0.7428087986463621,
        "recall": 0.7536480686695279,
        "f1-score": 0.7481891776736259,
        "support": 2330.0
    },
    "ch2": {
        "precision": 0.8554216867469879,
        "recall": 0.6324554608830364,
        "f1-score": 0.7272322422623024,
        "support": 2582.0
    },
    "ch3": {
        "precision": 0.794838145231846,
        "recall": 0.6911373145682769,
        "f1-score": 0.7393692777212615,
        "support": 2629.0
    },
    "ch4": {
        "precision": 0.9363525091799265,
        "recall": 0.6477561388653683,
        "f1-score": 0.7657657657657657,
        "support": 2362.0
    },
    "ch5": {
        "precision": 0.8748778103616813,
        "recall": 0.6619822485207101,
        "f1-score": 0.7536842105263157,
        "support": 2704.0
    },
    "ch6": {
        "precision": 0.9258160237388724,
        "recall": 0.609375,
        "f1-score": 0.734982332155477,
        "support": 3072.0
    },
    "ch7": {
        "precision": 0.919774011299435,
        "recall": 0.6007380073800738,
        "f1-score": 0.7267857142857143,
        "support": 2710.0
    },
    "ch8": {
        "precision": 0.9273835920177383,
        "recall": 0.5831300104566051,
        "f1-score": 0.7160282473785576,
        "support": 2869.0
    },
    "ch9": {
        "precision": 0.9509333333333333,
        "recall": 0.5913764510779436,
        "f1-score": 0.7292433537832311,
        "support": 3015.0
    },
    "ch10": {
        "precision": 0.968407479045777,
        "recall": 0.5704519559437904,
        "f1-score": 0.7179732313575525,
        "support": 2633.0
    },
    "ch11": {
        "precision": 0.9707291112293773,
        "recall": 0.613109243697479,
        "f1-score": 0.7515451174289246,
        "support": 2975.0
    },
    "ch12": {
        "precision": 0.9982479194042926,
        "recall": 0.7198357548957676,
        "f1-score": 0.8364837584877959,
        "support": 3166.0
    },
    "ch13": {
        "precision": 0.9990675990675991,
        "recall": 0.802621722846442,
        "f1-score": 0.890134994807892,
        "support": 2670.0
    },
    "ch14": {
        "precision": 0.9692874692874693,
        "recall": 0.7339534883720931,
        "f1-score": 0.8353626257278983,
        "support": 2150.0
    },
    "micro avg": {
        "precision": 0.8918361830100696,
        "recall": 0.657310786242622,
        "f1-score": 0.756821081910333,
        "support": 40153.0
    },
    "macro avg": {
        "precision": 0.8996608640989852,
        "recall": 0.6603281131548813,
        "f1-score": 0.7566368026076443,
        "support": 40153.0
    },
    "weighted avg": {
        "precision": 0.9048257422701105,
        "recall": 0.657310786242622,
        "f1-score": 0.7567622480020699,
        "support": 40153.0
    },
    "samples avg": {
        "precision": 0.35201059833049897,
        "recall": 0.32380067135727547,
        "f1-score": 0.3311501723311053,
        "support": 40153.0
    }
}