{
    "ch0": {
        "precision": 0.7053036783575706,
        "recall": 0.721347331583552,
        "f1-score": 0.7132352941176471,
        "support": 2286.0
    },
    "ch1": {
        "precision": 0.8071525577184246,
        "recall": 0.7652360515021459,
        "f1-score": 0.785635602555629,
        "support": 2330.0
    },
    "ch2": {
        "precision": 0.7390413764850471,
        "recall": 0.6986831913245546,
        "f1-score": 0.7182958391399562,
        "support": 2582.0
    },
    "ch3": {
        "precision": 0.7369202226345084,
        "recall": 0.7554203119056676,
        "f1-score": 0.7460555972952667,
        "support": 2629.0
    },
    "ch4": {
        "precision": 0.9004739336492891,
        "recall": 0.7239627434377646,
        "f1-score": 0.8026284909645623,
        "support": 2362.0
    },
    "ch5": {
        "precision": 0.8235538909696213,
        "recall": 0.7318786982248521,
        "f1-score": 0.7750146857254748,
        "support": 2704.0
    },
    "ch6": {
        "precision": 0.9400292540224281,
        "recall": 0.6276041666666666,
        "f1-score": 0.7526839742338474,
        "support": 3072.0
    },
    "ch7": {
        "precision": 0.9396082698585418,
        "recall": 0.637269372693727,
        "f1-score": 0.7594547053649956,
        "support": 2710.0
    },
    "ch8": {
        "precision": 0.9346787041954329,
        "recall": 0.6134541652143604,
        "f1-score": 0.7407407407407407,
        "support": 2869.0
    },
    "ch9": {
        "precision": 0.9325123152709359,
        "recall": 0.6278606965174129,
        "f1-score": 0.7504459861248761,
        "support": 3015.0
    },
    "ch10": {
        "precision": 0.9862655330281229,
        "recall": 0.5727307254082795,
        "f1-score": 0.7246516098029794,
        "support": 2633.0
    },
    "ch11": {
        "precision": 0.9820769636267791,
        "recall": 0.626218487394958,
        "f1-score": 0.7647783251231527,
        "support": 2975.0
    },
    "ch12": {
        "precision": 0.9991216512955643,
        "recall": 0.7185723310170562,
        "f1-score": 0.8359360646702186,
        "support": 3166.0
    },
    "ch13": {
        "precision": 1.0,
        "recall": 0.8014981273408239,
        "f1-score": 0.8898128898128899,
        "support": 2670.0
    },
    "ch14": {
        "precision": 0.9993662864385298,
        "recall": 0.7334883720930233,
        "f1-score": 0.846030042918455,
        "support": 2150.0
    },
    "micro avg": {
        "precision": 0.8838118431171494,
        "recall": 0.686922521355814,
        "f1-score": 0.7730272838104847,
        "support": 40153.0
    },
    "macro avg": {
        "precision": 0.8950736425033863,
        "recall": 0.6903483181549895,
        "f1-score": 0.7736933232393793,
        "support": 40153.0
    },
    "weighted avg": {
        "precision": 0.8995583346626843,
        "recall": 0.686922521355814,
        "f1-score": 0.7733211494166562,
        "support": 40153.0
    },
    "samples avg": {
        "precision": 0.7326951008998216,
        "recall": 0.6895796699580684,
        "f1-score": 0.6948325548386416,
        "support": 40153.0
    }
}