{
    "ch0": {
        "precision": 0.9923039923039924,
        "recall": 0.9024496937882764,
        "f1-score": 0.9452462772050401,
        "support": 2286.0
    },
    "ch1": {
        "precision": 0.9975938402309913,
        "recall": 0.8896995708154506,
        "f1-score": 0.940562613430127,
        "support": 2330.0
    },
    "ch2": {
        "precision": 0.9720873786407767,
        "recall": 0.9306738962044926,
        "f1-score": 0.9509299564701227,
        "support": 2582.0
    },
    "ch3": {
        "precision": 0.99212271973466,
        "recall": 0.9102320273868391,
        "f1-score": 0.9494147986510613,
        "support": 2629.0
    },
    "ch4": {
        "precision": 0.9917883211678832,
        "recall": 0.9204064352243861,
        "f1-score": 0.9547650417215635,
        "support": 2362.0
    },
    "ch5": {
        "precision": 0.9949979157982493,
        "recall": 0.8827662721893491,
        "f1-score": 0.9355281207133059,
        "support": 2704.0
    },
    "ch6": {
        "precision": 0.9987883683360258,
        "recall": 0.8050130208333334,
        "f1-score": 0.891492429704398,
        "support": 3072.0
    },
    "ch7": {
        "precision": 0.9898499558693733,
        "recall": 0.8276752767527675,
        "f1-score": 0.9015273311897106,
        "support": 2710.0
    },
    "ch8": {
        "precision": 0.9987659399424106,
        "recall": 0.8462879051934472,
        "f1-score": 0.9162264150943397,
        "support": 2869.0
    },
    "ch9": {
        "precision": 0.9993746091307066,
        "recall": 0.530016583747927,
        "f1-score": 0.6926744690073688,
        "support": 3015.0
    },
    "ch10": {
        "precision": 1.0,
        "recall": 0.44473984048613746,
        "f1-score": 0.6156677181913774,
        "support": 2633.0
    },
    "ch11": {
        "precision": 0.9993523316062176,
        "recall": 0.5186554621848739,
        "f1-score": 0.6828944456738216,
        "support": 2975.0
    },
    "ch12": {
        "precision": 0.9957865168539326,
        "recall": 0.6718256475047378,
        "f1-score": 0.8023387400980762,
        "support": 3166.0
    },
    "ch13": {
        "precision": 0.997148288973384,
        "recall": 0.7857677902621722,
        "f1-score": 0.8789275240888144,
        "support": 2670.0
    },
    "ch14": {
        "precision": 0.9993211133740665,
        "recall": 0.6846511627906977,
        "f1-score": 0.8125862544852333,
        "support": 2150.0
    },
    "micro avg": {
        "precision": 0.9939673066943435,
        "recall": 0.7632306427913232,
        "f1-score": 0.8634500246530957,
        "support": 40153.0
    },
    "macro avg": {
        "precision": 0.9946187527975112,
        "recall": 0.7700573723576591,
        "f1-score": 0.8580521423816239,
        "support": 40153.0
    },
    "weighted avg": {
        "precision": 0.9947725947066074,
        "recall": 0.7632306427913232,
        "f1-score": 0.8535854353404438,
        "support": 40153.0
    },
    "samples avg": {
        "precision": 0.42987011904364936,
        "recall": 0.3909225049184701,
        "f1-score": 0.4036814689195562,
        "support": 40153.0
    },
    "hamming_score": 0.9892260495515022,
    "exact_match_accuracy": 0.8548634499316417,
    "optimal_thresholds": [
        0.5,
        0.5,
        0.5,
        0.5,
        0.5,
        0.5,
        0.5,
        0.5,
        0.5,
        0.5,
        0.5,
        0.5,
        0.5,
        0.5,
        0.5
    ]
}