{
    "ch0": {
        "precision": 0.9646464646464646,
        "recall": 0.9190726159230096,
        "f1-score": 0.9413082437275986,
        "support": 2286.0
    },
    "ch1": {
        "precision": 0.9785191956124314,
        "recall": 0.9188841201716739,
        "f1-score": 0.9477644975652944,
        "support": 2330.0
    },
    "ch2": {
        "precision": 0.9762975071516142,
        "recall": 0.9252517428350117,
        "f1-score": 0.9500894810101412,
        "support": 2582.0
    },
    "ch3": {
        "precision": 0.9897034596375618,
        "recall": 0.9140357550399392,
        "f1-score": 0.9503658295432075,
        "support": 2629.0
    },
    "ch4": {
        "precision": 0.985663082437276,
        "recall": 0.9314140558848434,
        "f1-score": 0.957771005659556,
        "support": 2362.0
    },
    "ch5": {
        "precision": 0.9798549556809025,
        "recall": 0.8994082840236687,
        "f1-score": 0.9379097570381797,
        "support": 2704.0
    },
    "ch6": {
        "precision": 0.9909194097616345,
        "recall": 0.8525390625,
        "f1-score": 0.9165354330708662,
        "support": 3072.0
    },
    "ch7": {
        "precision": 0.9807849550286182,
        "recall": 0.885239852398524,
        "f1-score": 0.9305663304887509,
        "support": 2710.0
    },
    "ch8": {
        "precision": 0.9899341850561363,
        "recall": 0.8912513070756362,
        "f1-score": 0.938004402054292,
        "support": 2869.0
    },
    "ch9": {
        "precision": 0.9851566794942276,
        "recall": 0.5943615257048093,
        "f1-score": 0.741414977244518,
        "support": 3015.0
    },
    "ch10": {
        "precision": 0.9858657243816255,
        "recall": 0.5298139004937333,
        "f1-score": 0.6892292490118577,
        "support": 2633.0
    },
    "ch11": {
        "precision": 0.9837170129140932,
        "recall": 0.5889075630252101,
        "f1-score": 0.736753574432296,
        "support": 2975.0
    },
    "ch12": {
        "precision": 0.9921875,
        "recall": 0.6819330385344283,
        "f1-score": 0.8083114938225384,
        "support": 3166.0
    },
    "ch13": {
        "precision": 0.9943820224719101,
        "recall": 0.7955056179775281,
        "f1-score": 0.8838951310861424,
        "support": 2670.0
    },
    "ch14": {
        "precision": 0.9973527465254798,
        "recall": 0.7009302325581396,
        "f1-score": 0.8232723299644906,
        "support": 2150.0
    },
    "micro avg": {
        "precision": 0.9847528107192361,
        "recall": 0.7962045177197221,
        "f1-score": 0.8804979481671211,
        "support": 40153.0
    },
    "macro avg": {
        "precision": 0.984998993386665,
        "recall": 0.8019032449430769,
        "f1-score": 0.8768794490479819,
        "support": 40153.0
    },
    "weighted avg": {
        "precision": 0.9852524822541749,
        "recall": 0.7962045177197221,
        "f1-score": 0.8734040399491727,
        "support": 40153.0
    },
    "samples avg": {
        "precision": 0.437713272644414,
        "recall": 0.40524720175175344,
        "f1-score": 0.4156414230191282,
        "support": 40153.0
    },
    "hamming_score": 0.9903542409994776,
    "exact_match_accuracy": 0.8698856247290673,
    "optimal_thresholds": [
        0.1607594936708861,
        0.15063291139240506,
        0.5556962025316455,
        0.4341772151898734,
        0.3531645569620253,
        0.2417721518987342,
        0.1,
        0.1,
        0.18101265822784812,
        0.1,
        0.1,
        0.14050632911392405,
        0.2417721518987342,
        0.1708860759493671,
        0.11012658227848102
    ]
}