{
    "opt_metric": "f1",
    "thresholds": {
        "ch0": 0.85,
        "ch1": 0.9,
        "ch2": 0.85,
        "ch3": 0.85,
        "ch4": 0.75,
        "ch5": 0.8,
        "ch6": 0.7,
        "ch7": 0.7,
        "ch8": 0.75,
        "ch9": 0.65,
        "ch10": 0.65,
        "ch11": 0.65,
        "ch12": 0.5,
        "ch13": 0.65,
        "ch14": 0.75
    },
    "val_scores": {
        "ch0": 0.6270833333333333,
        "ch1": 0.6061643835616438,
        "ch2": 0.6463195691202872,
        "ch3": 0.6896857016378929,
        "ch4": 0.6470588235294118,
        "ch5": 0.6225419664268586,
        "ch6": 0.5174081237911026,
        "ch7": 0.4236796285548462,
        "ch8": 0.4586374695863747,
        "ch9": 0.48058001035732784,
        "ch10": 0.41779497098646035,
        "ch11": 0.4805936073059361,
        "ch12": 0.7782258064516129,
        "ch13": 0.773109243697479,
        "ch14": 0.6289671090594345
    },
    "mean_threshold": 0.7333333333333335,
    "mean_val_score": 0.5865233164933336
}