{
    "ch0": {
        "precision": 0.7923930269413629,
        "recall": 0.4803073967339097,
        "f1-score": 0.5980861244019139,
        "support": 1041.0
    },
    "ch1": {
        "precision": 0.952212389380531,
        "recall": 0.4967682363804247,
        "f1-score": 0.6529126213592233,
        "support": 1083.0
    },
    "ch2": {
        "precision": 0.9318600368324125,
        "recall": 0.42772612003381233,
        "f1-score": 0.5863267670915412,
        "support": 1183.0
    },
    "ch3": {
        "precision": 0.9059701492537313,
        "recall": 0.5100840336134453,
        "f1-score": 0.6526881720430108,
        "support": 1190.0
    },
    "ch4": {
        "precision": 0.9076175040518638,
        "recall": 0.5410628019323671,
        "f1-score": 0.6779661016949152,
        "support": 1035.0
    },
    "ch5": {
        "precision": 0.8498074454428755,
        "recall": 0.548922056384743,
        "f1-score": 0.6670025188916877,
        "support": 1206.0
    },
    "ch6": {
        "precision": 0.8876221498371335,
        "recall": 0.3559764859568909,
        "f1-score": 0.5081585081585082,
        "support": 1531.0
    },
    "ch7": {
        "precision": 0.9304029304029304,
        "recall": 0.37769516728624536,
        "f1-score": 0.5372818614489688,
        "support": 1345.0
    },
    "ch8": {
        "precision": 0.9275929549902152,
        "recall": 0.32332878581173263,
        "f1-score": 0.4795144157814871,
        "support": 1466.0
    },
    "ch9": {
        "precision": 0.9385474860335196,
        "recall": 0.3463917525773196,
        "f1-score": 0.5060240963855421,
        "support": 1455.0
    },
    "ch10": {
        "precision": 0.9344660194174758,
        "recall": 0.29547198772064465,
        "f1-score": 0.4489795918367347,
        "support": 1303.0
    },
    "ch11": {
        "precision": 0.907725321888412,
        "recall": 0.2827540106951872,
        "f1-score": 0.43119266055045874,
        "support": 1496.0
    },
    "ch12": {
        "precision": 0.9962962962962963,
        "recall": 0.4996904024767802,
        "f1-score": 0.6655670103092783,
        "support": 1615.0
    },
    "ch13": {
        "precision": 0.9802816901408451,
        "recall": 0.516320474777448,
        "f1-score": 0.6763848396501457,
        "support": 1348.0
    },
    "ch14": {
        "precision": 0.8983333333333333,
        "recall": 0.5046816479400749,
        "f1-score": 0.6462829736211031,
        "support": 1068.0
    },
    "micro avg": {
        "precision": 0.915991565863944,
        "recall": 0.4262328943971082,
        "f1-score": 0.5817592331547787,
        "support": 19365.0
    },
    "macro avg": {
        "precision": 0.9160752489495292,
        "recall": 0.43381209068806836,
        "f1-score": 0.5822912175483013,
        "support": 19365.0
    },
    "weighted avg": {
        "precision": 0.9192913924342359,
        "recall": 0.4262328943971082,
        "f1-score": 0.5759347157635246,
        "support": 19365.0
    },
    "samples avg": {
        "precision": 0.12850431980442814,
        "recall": 0.1188807400616718,
        "f1-score": 0.12163013584465371,
        "support": 19365.0
    }
}