{
    "ch0": {
        "precision": 0.2893996247654784,
        "recall": 0.5926993275696446,
        "f1-score": 0.38890639773085406,
        "support": 1041.0
    },
    "ch1": {
        "precision": 0.34288804759329367,
        "recall": 0.5854108956602031,
        "f1-score": 0.4324693042291951,
        "support": 1083.0
    },
    "ch2": {
        "precision": 0.518578352180937,
        "recall": 0.5426880811496196,
        "f1-score": 0.530359355638166,
        "support": 1183.0
    },
    "ch3": {
        "precision": 0.4214162348877375,
        "recall": 0.6151260504201681,
        "f1-score": 0.5001708233686368,
        "support": 1190.0
    },
    "ch4": {
        "precision": 0.7717528373266078,
        "recall": 0.591304347826087,
        "f1-score": 0.6695842450765864,
        "support": 1035.0
    },
    "ch5": {
        "precision": 0.5343953656770456,
        "recall": 0.6119402985074627,
        "f1-score": 0.5705450328565906,
        "support": 1206.0
    },
    "ch6": {
        "precision": 0.8876221498371335,
        "recall": 0.3559764859568909,
        "f1-score": 0.5081585081585082,
        "support": 1531.0
    },
    "ch7": {
        "precision": 0.9304029304029304,
        "recall": 0.37769516728624536,
        "f1-score": 0.5372818614489688,
        "support": 1345.0
    },
    "ch8": {
        "precision": 0.7784615384615384,
        "recall": 0.3451568894952251,
        "f1-score": 0.4782608695652174,
        "support": 1466.0
    },
    "ch9": {
        "precision": 0.9888392857142857,
        "recall": 0.30446735395189,
        "f1-score": 0.465580662112454,
        "support": 1455.0
    },
    "ch10": {
        "precision": 0.9610778443113772,
        "recall": 0.24635456638526476,
        "f1-score": 0.3921808185705559,
        "support": 1303.0
    },
    "ch11": {
        "precision": 0.949874686716792,
        "recall": 0.2533422459893048,
        "f1-score": 0.4,
        "support": 1496.0
    },
    "ch12": {
        "precision": 0.9959514170040485,
        "recall": 0.4569659442724458,
        "f1-score": 0.6264855687606112,
        "support": 1615.0
    },
    "ch13": {
        "precision": 0.9844192634560907,
        "recall": 0.5155786350148368,
        "f1-score": 0.676728334956183,
        "support": 1348.0
    },
    "ch14": {
        "precision": 0.8681672025723473,
        "recall": 0.5056179775280899,
        "f1-score": 0.6390532544378699,
        "support": 1068.0
    },
    "micro avg": {
        "precision": 0.609584214235377,
        "recall": 0.4466821585334366,
        "f1-score": 0.5155714498584414,
        "support": 19365.0
    },
    "macro avg": {
        "precision": 0.7482164520605096,
        "recall": 0.4600216178008918,
        "f1-score": 0.5210510024606931,
        "support": 19365.0
    },
    "weighted avg": {
        "precision": 0.7723783497038764,
        "recall": 0.4466821585334366,
        "f1-score": 0.5201157121883888,
        "support": 19365.0
    },
    "samples avg": {
        "precision": 0.13229074645109315,
        "recall": 0.12455621301775148,
        "f1-score": 0.12604050337528125,
        "support": 19365.0
    }
}