{
    "ch0": {
        "best_threshold": 0.85,
        "val_f1": 0.6270833333333333,
        "sweep": {
            "0.1": 0.040218832891246684,
            "0.15": 0.04032741066081054,
            "0.2": 0.04041516486450407,
            "0.25": 0.04053102685306246,
            "0.3": 0.04078740954405141,
            "0.35": 0.041297834089547125,
            "0.4": 0.042292867498850736,
            "0.45": 0.04502174454470564,
            "0.5": 0.11921728311277005,
            "0.55": 0.16294806144842722,
            "0.6": 0.233622282222538,
            "0.65": 0.32570828961175236,
            "0.7": 0.42764323685764916,
            "0.75": 0.5281026027913994,
            "0.8": 0.580018501387604,
            "0.85": 0.6270833333333333,
            "0.9": 0.62472647702407,
            "0.95": 0.5988571428571429
        }
    },
    "ch1": {
        "best_threshold": 0.9,
        "val_f1": 0.6061643835616438,
        "sweep": {
            "0.1": 0.03911122876098142,
            "0.15": 0.03918120894433017,
            "0.2": 0.03932341091466054,
            "0.25": 0.03951138591464334,
            "0.3": 0.03989096019369804,
            "0.35": 0.04068949953998646,
            "0.4": 0.04265969368696302,
            "0.45": 0.050932463358815794,
            "0.5": 0.12989021184475028,
            "0.55": 0.1851497005988024,
            "0.6": 0.257615317667537,
            "0.65": 0.35018495684340323,
            "0.7": 0.445771144278607,
            "0.75": 0.5268332650553053,
            "0.8": 0.5746016417189763,
            "0.85": 0.598610368786745,
            "0.9": 0.6061643835616438,
            "0.95": 0.584070796460177
        }
    },
    "ch2": {
        "best_threshold": 0.85,
        "val_f1": 0.6463195691202872,
        "sweep": {
            "0.1": 0.03582503133865541,
            "0.15": 0.03584466211863427,
            "0.2": 0.035908128144029654,
            "0.25": 0.0359980756789038,
            "0.3": 0.036137154657030095,
            "0.35": 0.03632521634131616,
            "0.4": 0.036903137789904505,
            "0.45": 0.03810926331669121,
            "0.5": 0.10860927152317881,
            "0.55": 0.1804422371999527,
            "0.6": 0.28735161686451083,
            "0.65": 0.40993788819875776,
            "0.7": 0.5270607826810991,
            "0.75": 0.5887137773258769,
            "0.8": 0.6359032076533483,
            "0.85": 0.6463195691202872,
            "0.9": 0.62125,
            "0.95": 0.5930680359435173
        }
    },
    "ch3": {
        "best_threshold": 0.85,
        "val_f1": 0.6896857016378929,
        "sweep": {
            "0.1": 0.04624696937210338,
            "0.15": 0.04640770593005743,
            "0.2": 0.04641960530034748,
            "0.25": 0.04657145243464462,
            "0.3": 0.04677082631827059,
            "0.35": 0.04714758799631286,
            "0.4": 0.04846538061031787,
            "0.45": 0.05315338491678705,
            "0.5": 0.13448459400319357,
            "0.55": 0.20896717373899118,
            "0.6": 0.31057859057228443,
            "0.65": 0.4230171073094868,
            "0.7": 0.5266237565827969,
            "0.75": 0.6157097569566748,
            "0.8": 0.6780210867802109,
            "0.85": 0.6896857016378929,
            "0.9": 0.6752529898804048,
            "0.95": 0.6504530281354316
        }
    },
    "ch4": {
        "best_threshold": 0.75,
        "val_f1": 0.6470588235294118,
        "sweep": {
            "0.1": 0.034896798094734054,
            "0.15": 0.03500323796556133,
            "0.2": 0.03514803564871992,
            "0.25": 0.035136042996305,
            "0.3": 0.035292924512355904,
            "0.35": 0.03540547454591967,
            "0.4": 0.03592606720532649,
            "0.45": 0.037604636188023184,
            "0.5": 0.10064175613266958,
            "0.55": 0.20733740967204004,
            "0.6": 0.3725331170586645,
            "0.65": 0.5283174865646961,
            "0.7": 0.6335470085470085,
            "0.75": 0.6470588235294118,
            "0.8": 0.645323289391086,
            "0.85": 0.6201550387596899,
            "0.9": 0.5918097754293263,
            "0.95": 0.52864044168392
        }
    },
    "ch5": {
        "best_threshold": 0.8,
        "val_f1": 0.6225419664268586,
        "sweep": {
            "0.1": 0.04267976805200448,
            "0.15": 0.042725425322875904,
            "0.2": 0.04299764697916138,
            "0.25": 0.04335225421432614,
            "0.3": 0.04422422457724251,
            "0.35": 0.046100956209727414,
            "0.4": 0.05150784344093635,
            "0.45": 0.07743941749781941,
            "0.5": 0.17235116044399595,
            "0.55": 0.2521137586471945,
            "0.6": 0.34531422271223816,
            "0.65": 0.44931013797240554,
            "0.7": 0.529037092544024,
            "0.75": 0.5973008271658685,
            "0.8": 0.6225419664268586,
            "0.85": 0.6216077828981055,
            "0.9": 0.6148108684070325,
            "0.95": 0.5832414553472988
        }
    },
    "ch6": {
        "best_threshold": 0.7,
        "val_f1": 0.5174081237911026,
        "sweep": {
            "0.1": 0.04744842029483467,
            "0.15": 0.047554972103708563,
            "0.2": 0.04760964695818116,
            "0.25": 0.04775498754145971,
            "0.3": 0.04782234577707175,
            "0.35": 0.04782464297575556,
            "0.4": 0.04780823289820719,
            "0.45": 0.04776109341557544,
            "0.5": 0.038772409601944696,
            "0.55": 0.14604979415800823,
            "0.6": 0.3321926822848118,
            "0.65": 0.4748858447488584,
            "0.7": 0.5174081237911026,
            "0.75": 0.5053708439897698,
            "0.8": 0.47991653625456443,
            "0.85": 0.4576271186440678,
            "0.9": 0.4253246753246753,
            "0.95": 0.3806343906510851
        }
    },
    "ch7": {
        "best_threshold": 0.7,
        "val_f1": 0.4236796285548462,
        "sweep": {
            "0.1": 0.04285244824186658,
            "0.15": 0.042896853463164304,
            "0.2": 0.042897385631682126,
            "0.25": 0.0428939373926826,
            "0.3": 0.04287369640787949,
            "0.35": 0.042696329847465526,
            "0.4": 0.04222263772500892,
            "0.45": 0.04236952711235087,
            "0.5": 0.0503313176666546,
            "0.55": 0.1490308686288586,
            "0.6": 0.31732479544646036,
            "0.65": 0.40970072239422084,
            "0.7": 0.4236796285548462,
            "0.75": 0.4021673690547863,
            "0.8": 0.3759213759213759,
            "0.85": 0.3518402994385527,
            "0.9": 0.32678910702976566,
            "0.95": 0.28664072632944226
        }
    },
    "ch8": {
        "best_threshold": 0.75,
        "val_f1": 0.4586374695863747,
        "sweep": {
            "0.1": 0.04022979045612418,
            "0.15": 0.04029968974849825,
            "0.2": 0.04034019458600834,
            "0.25": 0.04038560453964725,
            "0.3": 0.040473017988007995,
            "0.35": 0.040493429873960846,
            "0.4": 0.04056437389770723,
            "0.45": 0.038739993038635574,
            "0.5": 0.061104371658354674,
            "0.55": 0.142433234421365,
            "0.6": 0.2768264840182648,
            "0.65": 0.39620081411126185,
            "0.7": 0.45368829728230725,
            "0.75": 0.4586374695863747,
            "0.8": 0.4444444444444444,
            "0.85": 0.4211204121056021,
            "0.9": 0.39528795811518325,
            "0.95": 0.35546613011401745
        }
    },
    "ch9": {
        "best_threshold": 0.65,
        "val_f1": 0.48058001035732784,
        "sweep": {
            "0.1": 0.044786380749713535,
            "0.15": 0.04484584241669262,
            "0.2": 0.04492905937992643,
            "0.25": 0.04498822599502692,
            "0.3": 0.0450240491892696,
            "0.35": 0.04523022216314119,
            "0.4": 0.04542328530452723,
            "0.45": 0.04535719220671549,