{
    "ch0": {
        "precision": 0.3491055972302366,
        "recall": 0.5811719500480308,
        "f1-score": 0.43619322278298484,
        "support": 1041.0
    },
    "ch1": {
        "precision": 0.3824969400244798,
        "recall": 0.577100646352724,
        "f1-score": 0.46006624953993375,
        "support": 1083.0
    },
    "ch2": {
        "precision": 0.4738007380073801,
        "recall": 0.5426880811496196,
        "f1-score": 0.5059101654846335,
        "support": 1183.0
    },
    "ch3": {
        "precision": 0.46636185499673416,
        "recall": 0.6,
        "f1-score": 0.5248070562293274,
        "support": 1190.0
    },
    "ch4": {
        "precision": 0.675263774912075,
        "recall": 0.5565217391304348,
        "f1-score": 0.6101694915254238,
        "support": 1035.0
    },
    "ch5": {
        "precision": 0.5403165033911078,
        "recall": 0.5945273631840796,
        "f1-score": 0.5661271219897355,
        "support": 1206.0
    },
    "ch6": {
        "precision": 0.8544600938967136,
        "recall": 0.356629653821032,
        "f1-score": 0.5032258064516129,
        "support": 1531.0
    },
    "ch7": {
        "precision": 0.8327814569536424,
        "recall": 0.37397769516728624,
        "f1-score": 0.5161621344279117,
        "support": 1345.0
    },
    "ch8": {
        "precision": 0.8672566371681416,
        "recall": 0.33424283765347884,
        "f1-score": 0.48252092565238797,
        "support": 1466.0
    },
    "ch9": {
        "precision": 0.9447852760736196,
        "recall": 0.31752577319587627,
        "f1-score": 0.47530864197530864,
        "support": 1455.0
    },
    "ch10": {
        "precision": 0.9594202898550724,
        "recall": 0.2540291634689179,
        "f1-score": 0.4016990291262136,
        "support": 1303.0
    },
    "ch11": {
        "precision": 0.9198113207547169,
        "recall": 0.2606951871657754,
        "f1-score": 0.40625,
        "support": 1496.0
    },
    "ch12": {
        "precision": 0.9892904953145917,
        "recall": 0.45758513931888545,
        "f1-score": 0.6257408975444538,
        "support": 1615.0
    },
    "ch13": {
        "precision": 0.9914285714285714,
        "recall": 0.5148367952522255,
        "f1-score": 0.677734375,
        "support": 1348.0
    },
    "ch14": {
        "precision": 0.9711711711711711,
        "recall": 0.5046816479400749,
        "f1-score": 0.6642020948860136,
        "support": 1068.0
    },
    "micro avg": {
        "precision": 0.6349900007406859,
        "recall": 0.44270591272915055,
        "f1-score": 0.521694152011197,
        "support": 19365.0
    },
    "macro avg": {
        "precision": 0.7478500480785503,
        "recall": 0.4550809115232293,
        "f1-score": 0.5237411475077294,
        "support": 19365.0
    },
    "weighted avg": {
        "precision": 0.7702304684786803,
        "recall": 0.44270591272915055,
        "f1-score": 0.5224854861650369,
        "support": 19365.0
    },
    "samples avg": {
        "precision": 0.12992904170585645,
        "recall": 0.12302275189599134,
        "f1-score": 0.12404244004460688,
        "support": 19365.0
    }
}