{
    "ch0": {
        "precision": 0.9760765550239234,
        "recall": 0.3919308357348703,
        "f1-score": 0.5592871830020562,
        "support": 1041.0
    },
    "ch1": {
        "precision": 1.0,
        "recall": 0.06463527239150507,
        "f1-score": 0.12142237640936687,
        "support": 1083.0
    },
    "ch2": {
        "precision": 1.0,
        "recall": 0.0507185122569738,
        "f1-score": 0.09654062751407884,
        "support": 1183.0
    },
    "ch3": {
        "precision": 1.0,
        "recall": 0.0016806722689075631,
        "f1-score": 0.003355704697986577,
        "support": 1190.0
    },
    "ch4": {
        "precision": 0.971677559912854,
        "recall": 0.43091787439613527,
        "f1-score": 0.5970548862115127,
        "support": 1035.0
    },
    "ch5": {
        "precision": 0.989406779661017,
        "recall": 0.38723051409618575,
        "f1-score": 0.5566150178784267,
        "support": 1206.0
    },
    "ch6": {
        "precision": 0.9953917050691244,
        "recall": 0.1410842586544742,
        "f1-score": 0.2471395881006865,
        "support": 1531.0
    },
    "ch7": {
        "precision": 1.0,
        "recall": 0.16059479553903347,
        "f1-score": 0.2767456758488149,
        "support": 1345.0
    },
    "ch8": {
        "precision": 1.0,
        "recall": 0.19236016371077763,
        "f1-score": 0.32265446224256294,
        "support": 1466.0
    },
    "ch9": {
        "precision": 1.0,
        "recall": 0.05360824742268041,
        "f1-score": 0.10176125244618395,
        "support": 1455.0
    },
    "ch10": {
        "precision": 1.0,
        "recall": 0.07444359171143515,
        "f1-score": 0.13857142857142857,
        "support": 1303.0
    },
    "ch11": {
        "precision": 0.9942196531791907,
        "recall": 0.11497326203208556,
        "f1-score": 0.2061114439784302,
        "support": 1496.0
    },
    "ch12": {
        "precision": 0.994475138121547,
        "recall": 0.33436532507739936,
        "f1-score": 0.5004633920296571,
        "support": 1615.0
    },
    "ch13": {
        "precision": 1.0,
        "recall": 0.23219584569732937,
        "f1-score": 0.37688139674894644,
        "support": 1348.0
    },
    "ch14": {
        "precision": 1.0,
        "recall": 0.3895131086142322,
        "f1-score": 0.5606469002695418,
        "support": 1068.0
    },
    "micro avg": {
        "precision": 0.9913522012578616,
        "recall": 0.19535243996901627,
        "f1-score": 0.32638799016435877,
        "support": 19365.0
    },
    "macro avg": {
        "precision": 0.9947498260645105,
        "recall": 0.2013501519736017,
        "f1-score": 0.3110167557299787,
        "support": 19365.0
    },
    "weighted avg": {
        "precision": 0.9952688455586931,
        "recall": 0.19535243996901627,
        "f1-score": 0.30450674672325295,
        "support": 19365.0
    },
    "samples avg": {
        "precision": 0.061363446953912826,
        "recall": 0.054129510792566046,
        "f1-score": 0.05648692946634442,
        "support": 19365.0
    }
}