{
    "ch0": {
        "precision": 0.5406288280930992,
        "recall": 0.7076429716729022,
        "f1-score": 0.6129629629629629,
        "support": 1871.0
    },
    "ch1": {
        "precision": 0.5890968266883645,
        "recall": 0.7561357702349869,
        "f1-score": 0.6622455979876515,
        "support": 1915.0
    },
    "ch2": {
        "precision": 0.7121975806451613,
        "recall": 0.6674539442607463,
        "f1-score": 0.6891002194586686,
        "support": 2117.0
    },
    "ch3": {
        "precision": 0.6738847986141187,
        "recall": 0.7230483271375465,
        "f1-score": 0.6976014346559067,
        "support": 2152.0
    },
    "ch4": {
        "precision": 0.866754617414248,
        "recall": 0.68188894654904,
        "f1-score": 0.7632878303804821,
        "support": 1927.0
    },
    "ch5": {
        "precision": 0.770573566084788,
        "recall": 0.6994114984155727,
        "f1-score": 0.7332700522069293,
        "support": 2209.0
    },
    "ch6": {
        "precision": 0.8848167539267016,
        "recall": 0.5939086294416244,
        "f1-score": 0.7107476635514018,
        "support": 2561.0
    },
    "ch7": {
        "precision": 0.8687258687258688,
        "recall": 0.5973451327433629,
        "f1-score": 0.7079181961195595,
        "support": 2260.0
    },
    "ch8": {
        "precision": 0.8825417201540436,
        "recall": 0.5719633943427621,
        "f1-score": 0.6940938919737506,
        "support": 2404.0
    },
    "ch9": {
        "precision": 0.8462929475587704,
        "recall": 0.5627254509018036,
        "f1-score": 0.6759749638902263,
        "support": 2495.0
    },
    "ch10": {
        "precision": 0.9094457455113193,
        "recall": 0.5300272975432211,
        "f1-score": 0.6697326818051164,
        "support": 2198.0
    },
    "ch11": {
        "precision": 0.8867574257425742,
        "recall": 0.5766599597585513,
        "f1-score": 0.6988539380638868,
        "support": 2485.0
    },
    "ch12": {
        "precision": 0.9956474428726877,
        "recall": 0.6903055450773293,
        "f1-score": 0.8153263533080864,
        "support": 2651.0
    },
    "ch13": {
        "precision": 0.9988235294117647,
        "recall": 0.7610936799641417,
        "f1-score": 0.8639023149325872,
        "support": 2231.0
    },
    "ch14": {
        "precision": 0.9655963302752294,
        "recall": 0.7040133779264214,
        "f1-score": 0.8143133462282398,
        "support": 1794.0
    },
    "micro avg": {
        "precision": 0.8028121985605104,
        "recall": 0.6504057709648332,
        "f1-score": 0.7186171625929861,
        "support": 33270.0
    },
    "macro avg": {
        "precision": 0.8261189321145826,
        "recall": 0.654908261731334,
        "f1-score": 0.7206220965016971,
        "support": 33270.0
    },
    "weighted avg": {
        "precision": 0.833637820360073,
        "recall": 0.6504057709648332,
        "f1-score": 0.7213539119973678,
        "support": 33270.0
    },
    "samples avg": {
        "precision": 0.29568744125417573,
        "recall": 0.27887019871965857,
        "f1-score": 0.2816596631155513,
        "support": 33270.0
    }
}