{
    "ch0": {
        "precision": 0.9785841760856633,
        "recall": 0.8792089791555318,
        "f1-score": 0.9262387387387387,
        "support": 1871.0
    },
    "ch1": {
        "precision": 0.9953515398024404,
        "recall": 0.8945169712793734,
        "f1-score": 0.9422442244224423,
        "support": 1915.0
    },
    "ch2": {
        "precision": 0.9842559674961909,
        "recall": 0.9154463863958432,
        "f1-score": 0.9486049926578561,
        "support": 2117.0
    },
    "ch3": {
        "precision": 0.9881198347107438,
        "recall": 0.8889405204460966,
        "f1-score": 0.9359099804305284,
        "support": 2152.0
    },
    "ch4": {
        "precision": 0.9855635757912271,
        "recall": 0.9211209133367929,
        "f1-score": 0.9522532188841202,
        "support": 1927.0
    },
    "ch5": {
        "precision": 0.992914979757085,
        "recall": 0.8881846989588049,
        "f1-score": 0.9376344086021505,
        "support": 2209.0
    },
    "ch6": {
        "precision": 0.9857270294380018,
        "recall": 0.8629441624365483,
        "f1-score": 0.9202581719758485,
        "support": 2561.0
    },
    "ch7": {
        "precision": 0.981425702811245,
        "recall": 0.8650442477876106,
        "f1-score": 0.9195672624647225,
        "support": 2260.0
    },
    "ch8": {
        "precision": 0.978176527643065,
        "recall": 0.839018302828619,
        "f1-score": 0.903269144648455,
        "support": 2404.0
    },
    "ch9": {
        "precision": 0.9949892627057981,
        "recall": 0.5571142284569138,
        "f1-score": 0.7142857142857143,
        "support": 2495.0
    },
    "ch10": {
        "precision": 0.9674185463659147,
        "recall": 0.5268425841674249,
        "f1-score": 0.682179675994109,
        "support": 2198.0
    },
    "ch11": {
        "precision": 0.9691535150645624,
        "recall": 0.543661971830986,
        "f1-score": 0.6965712812580562,
        "support": 2485.0
    },
    "ch12": {
        "precision": 0.9932049830124575,
        "recall": 0.6616371180686533,
        "f1-score": 0.7942042110029431,
        "support": 2651.0
    },
    "ch13": {
        "precision": 0.9905882352941177,
        "recall": 0.7548184670551322,
        "f1-score": 0.8567794454337319,
        "support": 2231.0
    },
    "ch14": {
        "precision": 0.9895330112721417,
        "recall": 0.6850613154960981,
        "f1-score": 0.8096179183135704,
        "support": 1794.0
    },
    "micro avg": {
        "precision": 0.9853505138824973,
        "recall": 0.772287345957319,
        "f1-score": 0.8659050315101271,
        "support": 33270.0
    },
    "macro avg": {
        "precision": 0.9850004591500436,
        "recall": 0.7789040578466953,
        "f1-score": 0.8626412259408658,
        "support": 33270.0
    },
    "weighted avg": {
        "precision": 0.9849447006048746,
        "recall": 0.772287345957319,
        "f1-score": 0.8582588597688511,
        "support": 33270.0
    },
    "samples avg": {
        "precision": 0.36739241575531256,
        "recall": 0.34167444651907175,
        "f1-score": 0.34986802036098513,
        "support": 33270.0
    },
    "hamming_score": 0.9911554192229038,
    "exact_match_accuracy": 0.8793678314217125,
    "optimal_thresholds": [
        0.29240506329113924,
        0.2620253164556962,
        0.2721518987341772,
        0.2417721518987342,
        0.3835443037974684,
        0.21139240506329116,
        0.11012658227848102,
        0.1,
        0.1,
        0.1,
        0.1,
        0.1,
        0.4037974683544304,
        0.28227848101265823,
        0.1
    ]
}