{
    "ch0": {
        "precision": 0.9908647990255786,
        "recall": 0.8695884553714591,
        "f1-score": 0.9262738400227726,
        "support": 1871.0
    },
    "ch1": {
        "precision": 0.999400479616307,
        "recall": 0.8704960835509138,
        "f1-score": 0.930505163271002,
        "support": 1915.0
    },
    "ch2": {
        "precision": 0.993717277486911,
        "recall": 0.896551724137931,
        "f1-score": 0.9426371989073752,
        "support": 2117.0
    },
    "ch3": {
        "precision": 0.9973432518597237,
        "recall": 0.8722118959107806,
        "f1-score": 0.9305899851264254,
        "support": 2152.0
    },
    "ch4": {
        "precision": 0.9937993235625705,
        "recall": 0.9148936170212766,
        "f1-score": 0.9527154823020805,
        "support": 1927.0
    },
    "ch5": {
        "precision": 0.9989468141126909,
        "recall": 0.8587596197374378,
        "f1-score": 0.9235637779941578,
        "support": 2209.0
    },
    "ch6": {
        "precision": 0.9980815347721822,
        "recall": 0.812573213588442,
        "f1-score": 0.8958243650452001,
        "support": 2561.0
    },
    "ch7": {
        "precision": 0.9891891891891892,
        "recall": 0.8097345132743363,
        "f1-score": 0.8905109489051095,
        "support": 2260.0
    },
    "ch8": {
        "precision": 0.9968253968253968,
        "recall": 0.78369384359401,
        "f1-score": 0.8775034932463903,
        "support": 2404.0
    },
    "ch9": {
        "precision": 0.9991728701406121,
        "recall": 0.4841683366733467,
        "f1-score": 0.652267818574514,
        "support": 2495.0
    },
    "ch10": {
        "precision": 1.0,
        "recall": 0.4372156505914468,
        "f1-score": 0.608420386198164,
        "support": 2198.0
    },
    "ch11": {
        "precision": 0.9940978077571669,
        "recall": 0.4744466800804829,
        "f1-score": 0.6423317897030781,
        "support": 2485.0
    },
    "ch12": {
        "precision": 0.9943181818181818,
        "recall": 0.6601282534892493,
        "f1-score": 0.7934708682838358,
        "support": 2651.0
    },
    "ch13": {
        "precision": 0.9970238095238095,
        "recall": 0.7507844016136261,
        "f1-score": 0.8565584249552544,
        "support": 2231.0
    },
    "ch14": {
        "precision": 0.9975083056478405,
        "recall": 0.669453734671126,
        "f1-score": 0.8012008005336891,
        "support": 1794.0
    },
    "micro avg": {
        "precision": 0.9958536585365854,
        "recall": 0.7363390441839495,
        "f1-score": 0.846656298600311,
        "support": 33270.0
    },
    "macro avg": {
        "precision": 0.9960192694225442,
        "recall": 0.7443133348870578,
        "f1-score": 0.8416249562046031,
        "support": 33270.0
    },
    "weighted avg": {
        "precision": 0.9960500882329012,
        "recall": 0.7363390441839495,
        "f1-score": 0.8361352831155269,
        "support": 33270.0
    },
    "samples avg": {
        "precision": 0.3587526118075931,
        "recall": 0.3276665444118432,
        "f1-score": 0.3378291353884846,
        "support": 33270.0
    },
    "hamming_score": 0.9901373699653241,
    "exact_match_accuracy": 0.8649639903974393,
    "optimal_thresholds": [
        0.5,
        0.5,
        0.5,
        0.5,
        0.5,
        0.5,
        0.5,
        0.5,
        0.5,
        0.5,
        0.5,
        0.5,
        0.5,
        0.5,
        0.5
    ]
}