{
    "ch0": {
        "precision": 0.5702187720536345,
        "recall": 0.7069116360454943,
        "f1-score": 0.63125,
        "support": 2286.0
    },
    "ch1": {
        "precision": 0.642548596112311,
        "recall": 0.7660944206008584,
        "f1-score": 0.6989036805011746,
        "support": 2330.0
    },
    "ch2": {
        "precision": 0.7680365296803653,
        "recall": 0.65143299767622,
        "f1-score": 0.7049455155071249,
        "support": 2582.0
    },
    "ch3": {
        "precision": 0.7039106145251397,
        "recall": 0.7189045264359072,
        "f1-score": 0.7113285660519383,
        "support": 2629.0
    },
    "ch4": {
        "precision": 0.9085714285714286,
        "recall": 0.6731583403895004,
        "f1-score": 0.7733463035019456,
        "support": 2362.0
    },
    "ch5": {
        "precision": 0.8192508710801394,
        "recall": 0.6956360946745562,
        "f1-score": 0.7524,
        "support": 2704.0
    },
    "ch6": {
        "precision": 0.8670914883932636,
        "recall": 0.6201171875,
        "f1-score": 0.7230973619282597,
        "support": 3072.0
    },
    "ch7": {
        "precision": 0.8612244897959184,
        "recall": 0.6228782287822878,
        "f1-score": 0.7229122055674518,
        "support": 2710.0
    },
    "ch8": {
        "precision": 0.8694331983805668,
        "recall": 0.5988149180899268,
        "f1-score": 0.7091847265221878,
        "support": 2869.0
    },
    "ch9": {
        "precision": 0.9049707602339181,
        "recall": 0.6159203980099502,
        "f1-score": 0.7329780935464772,
        "support": 3015.0
    },
    "ch10": {
        "precision": 0.9401451027811366,
        "recall": 0.5905810862134447,
        "f1-score": 0.7254490319570795,
        "support": 2633.0
    },
    "ch11": {
        "precision": 0.9479271991911021,
        "recall": 0.6302521008403361,
        "f1-score": 0.7571168988491823,
        "support": 2975.0
    },
    "ch12": {
        "precision": 0.9973741794310722,
        "recall": 0.7198357548957676,
        "f1-score": 0.8361768482847184,
        "support": 3166.0
    },
    "ch13": {
        "precision": 0.9990675990675991,
        "recall": 0.802621722846442,
        "f1-score": 0.890134994807892,
        "support": 2670.0
    },
    "ch14": {
        "precision": 0.9645693341478314,
        "recall": 0.7344186046511628,
        "f1-score": 0.8339054660681278,
        "support": 2150.0
    },
    "micro avg": {
        "precision": 0.8342227843415492,
        "recall": 0.6734988668343586,
        "f1-score": 0.7452941987046989,
        "support": 40153.0
    },
    "macro avg": {
        "precision": 0.8509560108963617,
        "recall": 0.6765052011767902,
        "f1-score": 0.7468753128729041,
        "support": 40153.0
    },
    "weighted avg": {
        "precision": 0.8569877849211146,
        "recall": 0.6734988668343586,
        "f1-score": 0.747822554630233,
        "support": 40153.0
    },
    "samples avg": {
        "precision": 0.355854666552339,
        "recall": 0.331977280558427,
        "f1-score": 0.3365877745842066,
        "support": 40153.0
    }
}