{
    "opt_metric": "f1",
    "thresholds": {
        "ch0": 0.85,
        "ch1": 0.85,
        "ch2": 0.85,
        "ch3": 0.85,
        "ch4": 0.7,
        "ch5": 0.75,
        "ch6": 0.7,
        "ch7": 0.65,
        "ch8": 0.8,
        "ch9": 0.7,
        "ch10": 0.7,
        "ch11": 0.7,
        "ch12": 0.55,
        "ch13": 0.75,
        "ch14": 0.75
    },
    "val_scores": {
        "ch0": 0.7199140401146131,
        "ch1": 0.7081917704794262,
        "ch2": 0.7129592248687929,
        "ch3": 0.7435818125579957,
        "ch4": 0.7379505872823006,
        "ch5": 0.7346657477601654,
        "ch6": 0.6087837837837838,
        "ch7": 0.5019857029388404,
        "ch8": 0.5570890840652447,
        "ch9": 0.6464427591188154,
        "ch10": 0.6029601029601029,
        "ch11": 0.6878267363704257,
        "ch12": 0.8665311653116531,
        "ch13": 0.8449912126537785,
        "ch14": 0.7784860557768924
    },
    "mean_threshold": 0.7433333333333333,
    "mean_val_score": 0.6968239857361886
}