{
    "ch0": {
        "precision": 0.39181051786431154,
        "recall": 0.6703296703296703,
        "f1-score": 0.4945528249303268,
        "support": 1456.0
    },
    "ch1": {
        "precision": 0.53573264781491,
        "recall": 0.6946666666666667,
        "f1-score": 0.6049346879535559,
        "support": 1500.0
    },
    "ch2": {
        "precision": 0.4937332139659803,
        "recall": 0.6676755447941889,
        "f1-score": 0.5676788471435924,
        "support": 1652.0
    },
    "ch3": {
        "precision": 0.4772172497965826,
        "recall": 0.7015550239234449,
        "f1-score": 0.5680387409200969,
        "support": 1672.0
    },
    "ch4": {
        "precision": 0.9476688867745005,
        "recall": 0.6707070707070707,
        "f1-score": 0.7854889589905363,
        "support": 1485.0
    },
    "ch5": {
        "precision": 0.8149190710767066,
        "recall": 0.6771929824561403,
        "f1-score": 0.7396997764292559,
        "support": 1710.0
    },
    "ch6": {
        "precision": 0.9014869888475836,
        "recall": 0.47409579667644186,
        "f1-score": 0.6213965406790519,
        "support": 2046.0
    },
    "ch7": {
        "precision": 0.9504036908881199,
        "recall": 0.4565096952908587,
        "f1-score": 0.6167664670658682,
        "support": 1805.0
    },
    "ch8": {
        "precision": 0.631979695431472,
        "recall": 0.5144628099173554,
        "f1-score": 0.5671981776765376,
        "support": 1936.0
    },
    "ch9": {
        "precision": 0.9525773195876288,
        "recall": 0.46784810126582277,
        "f1-score": 0.6275042444821731,
        "support": 1975.0
    },
    "ch10": {
        "precision": 0.9542079207920792,
        "recall": 0.43981745579007414,
        "f1-score": 0.60210855134713,
        "support": 1753.0
    },
    "ch11": {
        "precision": 0.9528023598820059,
        "recall": 0.48669010547463587,
        "f1-score": 0.644281914893617,
        "support": 1991.0
    },
    "ch12": {
        "precision": 0.9976798143851509,
        "recall": 0.6042154566744731,
        "f1-score": 0.7526254375729288,
        "support": 2135.0
    },
    "ch13": {
        "precision": 0.9933166248955723,
        "recall": 0.6638749302065885,
        "f1-score": 0.7958500669344043,
        "support": 1791.0
    },
    "ch14": {
        "precision": 0.9574014909478168,
        "recall": 0.6273551988834613,
        "f1-score": 0.7580101180438449,
        "support": 1433.0
    },
    "micro avg": {
        "precision": 0.7159255962142155,
        "recall": 0.5801063022019742,
        "f1-score": 0.6408992722773316,
        "support": 26340.0
    },
    "macro avg": {
        "precision": 0.7968624995300279,
        "recall": 0.5877997672704595,
        "f1-score": 0.6497423570041948,
        "support": 26340.0
    },
    "weighted avg": {
        "precision": 0.8088076022074403,
        "recall": 0.5801063022019742,
        "f1-score": 0.6501573693454837,
        "support": 26340.0
    },
    "samples avg": {
        "precision": 0.22454477765368097,
        "recall": 0.208918857346069,
        "f1-score": 0.2126385869155377,
        "support": 26340.0
    }
}