{
    "ch0": {
        "precision": 0.9014396456256921,
        "recall": 0.5590659340659341,
        "f1-score": 0.6901229334463755,
        "support": 1456.0
    },
    "ch1": {
        "precision": 0.9673684210526315,
        "recall": 0.6126666666666667,
        "f1-score": 0.7502040816326531,
        "support": 1500.0
    },
    "ch2": {
        "precision": 0.9543524416135881,
        "recall": 0.5441888619854721,
        "f1-score": 0.6931380107941403,
        "support": 1652.0
    },
    "ch3": {
        "precision": 0.9622266401590457,
        "recall": 0.5789473684210527,
        "f1-score": 0.7229275578790142,
        "support": 1672.0
    },
    "ch4": {
        "precision": 0.9476688867745005,
        "recall": 0.6707070707070707,
        "f1-score": 0.7854889589905363,
        "support": 1485.0
    },
    "ch5": {
        "precision": 0.9434447300771208,
        "recall": 0.643859649122807,
        "f1-score": 0.7653806047966631,
        "support": 1710.0
    },
    "ch6": {
        "precision": 0.9014869888475836,
        "recall": 0.47409579667644186,
        "f1-score": 0.6213965406790519,
        "support": 2046.0
    },
    "ch7": {
        "precision": 0.8832188420019627,
        "recall": 0.4986149584487535,
        "f1-score": 0.6373937677053825,
        "support": 1805.0
    },
    "ch8": {
        "precision": 0.9423913043478261,
        "recall": 0.4478305785123967,
        "f1-score": 0.6071428571428571,
        "support": 1936.0
    },
    "ch9": {
        "precision": 0.9525773195876288,
        "recall": 0.46784810126582277,
        "f1-score": 0.6275042444821731,
        "support": 1975.0
    },
    "ch10": {
        "precision": 0.9542079207920792,
        "recall": 0.43981745579007414,
        "f1-score": 0.60210855134713,
        "support": 1753.0
    },
    "ch11": {
        "precision": 0.9528023598820059,
        "recall": 0.48669010547463587,
        "f1-score": 0.644281914893617,
        "support": 1991.0
    },
    "ch12": {
        "precision": 0.9976905311778291,
        "recall": 0.6070257611241218,
        "f1-score": 0.7548048922539313,
        "support": 2135.0
    },
    "ch13": {
        "precision": 0.9958088851634534,
        "recall": 0.6633165829145728,
        "f1-score": 0.7962466487935657,
        "support": 1791.0
    },
    "ch14": {
        "precision": 0.9782372143634385,
        "recall": 0.6273551988834613,
        "f1-score": 0.7644557823129252,
        "support": 1433.0
    },
    "micro avg": {
        "precision": 0.9501968503937008,
        "recall": 0.5497722095671982,
        "f1-score": 0.6965367965367966,
        "support": 26340.0
    },
    "macro avg": {
        "precision": 0.9489948087644258,
        "recall": 0.5548020060039521,
        "f1-score": 0.6975064898100011,
        "support": 26340.0
    },
    "weighted avg": {
        "precision": 0.9490947527122628,
        "recall": 0.5497722095671982,
        "f1-score": 0.6935122005218202,
        "support": 26340.0
    },
    "samples avg": {
        "precision": 0.21680752582417886,
        "recall": 0.19805019809187238,
        "f1-score": 0.2037769622843553,
        "support": 26340.0
    }
}