{
    "ch0": {
        "best_threshold": 0.85,
        "val_f1": 0.7199140401146131,
        "sweep": {
            "0.1": 0.056889274453212325,
            "0.15": 0.05731025658293488,
            "0.2": 0.05772432303876601,
            "0.25": 0.05830121145374449,
            "0.3": 0.05931638913234005,
            "0.35": 0.060974062460350545,
            "0.4": 0.06405927412352634,
            "0.45": 0.07119030898876405,
            "0.5": 0.16887103074948379,
            "0.55": 0.20841537227448406,
            "0.6": 0.29856714428523823,
            "0.65": 0.4262017603249831,
            "0.7": 0.5484393063583815,
            "0.75": 0.6518821126349577,
            "0.8": 0.703030303030303,
            "0.85": 0.7199140401146131,
            "0.9": 0.7036485480268057,
            "0.95": 0.665893271461717
        }
    },
    "ch1": {
        "best_threshold": 0.85,
        "val_f1": 0.7081917704794262,
        "sweep": {
            "0.1": 0.055114948298363615,
            "0.15": 0.05551988645963572,
            "0.2": 0.05623136757701402,
            "0.25": 0.057296235219816846,
            "0.3": 0.05927230046948357,
            "0.35": 0.06420182336412703,
            "0.4": 0.07665331907379312,
            "0.45": 0.11906248699054993,
            "0.5": 0.1949411251635412,
            "0.55": 0.2630751493554135,
            "0.6": 0.3753536623703238,
            "0.65": 0.500658183413778,
            "0.7": 0.6096945923227794,
            "0.75": 0.6766819072501633,
            "0.8": 0.7061781609195402,
            "0.85": 0.7081917704794262,
            "0.9": 0.6897625535227715,
            "0.95": 0.6412646939602756
        }
    },
    "ch2": {
        "best_threshold": 0.85,
        "val_f1": 0.7129592248687929,
        "sweep": {
            "0.1": 0.05013201320132013,
            "0.15": 0.050260080177583405,
            "0.2": 0.050468253572200875,
            "0.25": 0.05070365969979417,
            "0.3": 0.051125228086774346,
            "0.35": 0.05174728868996385,
            "0.4": 0.053589647210438705,
            "0.45": 0.05845187951998729,
            "0.5": 0.15358838313320303,
            "0.55": 0.2024718570416437,
            "0.6": 0.30527525865372335,
            "0.65": 0.4375,
            "0.7": 0.5715052320901529,
            "0.75": 0.648993288590604,
            "0.8": 0.7013967534918837,
            "0.85": 0.7129592248687929,
            "0.9": 0.6934121621621622,
            "0.95": 0.6660892161108705
        }
    },
    "ch3": {
        "best_threshold": 0.85,
        "val_f1": 0.7435818125579957,
        "sweep": {
            "0.1": 0.06383083839731239,
            "0.15": 0.06401220543606242,
            "0.2": 0.06446435736257858,
            "0.25": 0.064852462335296,
            "0.3": 0.06557096972596187,
            "0.35": 0.0668553854756413,
            "0.4": 0.06958842996361508,
            "0.45": 0.0778860103626943,
            "0.5": 0.1896533102926882,
            "0.55": 0.23946912867859205,
            "0.6": 0.3407391113066432,
            "0.65": 0.47157352230632954,
            "0.7": 0.5935511243105642,
            "0.75": 0.6933888599687663,
            "0.8": 0.7306338028169014,
            "0.85": 0.7435818125579957,
            "0.9": 0.731879409878127,
            "0.95": 0.6984442237669646
        }
    },
    "ch4": {
        "best_threshold": 0.7,
        "val_f1": 0.7379505872823006,
        "sweep": {
            "0.1": 0.04921289417892259,
            "0.15": 0.04952547915648231,
            "0.2": 0.04993613216384229,
            "0.25": 0.05021424515152036,
            "0.3": 0.05082436775185133,
            "0.35": 0.05194433000770209,
            "0.4": 0.05459349516224077,
            "0.45": 0.06341145540750062,
            "0.5": 0.14352085082563673,
            "0.55": 0.29803822937625757,
            "0.6": 0.5608932744741626,
            "0.65": 0.7093525179856115,
            "0.7": 0.7379505872823006,
            "0.75": 0.7279661016949153,
            "0.8": 0.707918649935093,
            "0.85": 0.6669642857142857,
            "0.9": 0.6365296803652968,
            "0.95": 0.5895134624468588
        }
    },
    "ch5": {
        "best_threshold": 0.75,
        "val_f1": 0.7346657477601654,
        "sweep": {
            "0.1": 0.05891930908297383,
            "0.15": 0.05940493345765872,
            "0.2": 0.05988741166606779,
            "0.25": 0.060537805807748285,
            "0.3": 0.06132500132394217,
            "0.35": 0.06319063300402489,
            "0.4": 0.06618105328762855,
            "0.45": 0.07286965755242898,
            "0.5": 0.16613202768867127,
            "0.55": 0.25047958344751986,
            "0.6": 0.43288590604026844,
            "0.65": 0.6166794185156848,
            "0.7": 0.7128399746995573,
            "0.75": 0.7346657477601654,
            "0.8": 0.7080476362324071,
            "0.85": 0.6827458256029685,
            "0.9": 0.6462715105162524,
            "0.95": 0.6013433425523509
        }
    },
    "ch6": {
        "best_threshold": 0.7,
        "val_f1": 0.6087837837837838,
        "sweep": {
            "0.1": 0.06306098964326813,
            "0.15": 0.06330997090716742,
            "0.2": 0.06353480949531219,
            "0.25": 0.06369000852543422,
            "0.3": 0.06393431590281984,
            "0.35": 0.06407322654462243,
            "0.4": 0.0639904134212103,
            "0.45": 0.06288270900956225,
            "0.5": 0.06483126110124333,
            "0.55": 0.17806796260572785,
            "0.6": 0.38134381701215153,
            "0.65": 0.5479683972911964,
            "0.7": 0.6087837837837838,
            "0.75": 0.6014336917562724,
            "0.8": 0.5759470393527032,
            "0.85": 0.5511044552602021,
            "0.9": 0.518007662835249,
            "0.95": 0.4699367088607595
        }
    },
    "ch7": {
        "best_threshold": 0.65,
        "val_f1": 0.5019857029388404,
        "sweep": {
            "0.1": 0.05621663973360756,
            "0.15": 0.05623987829415517,
            "0.2": 0.056271097564972304,
            "0.25": 0.05640426896449655,
            "0.3": 0.05642550379914106,
            "0.35": 0.05655980558607144,
            "0.4": 0.056687393626881015,
            "0.45": 0.05683407282081384,
            "0.5": 0.061130973362203536,
            "0.55": 0.2178805490293063,
            "0.6": 0.44348894348894347,
            "0.65": 0.5019857029388404,
            "0.7": 0.4804088586030664,
            "0.75": 0.44306601683650865,
            "0.8": 0.40346873573710634,
            "0.85": 0.371788883699206,
            "0.9": 0.3331737673528004,
            "0.95": 0.29230014713094654
        }
    },
    "ch8": {
        "best_threshold": 0.8,
        "val_f1": 0.5570890840652447,
        "sweep": {
            "0.1": 0.054485136703109935,
            "0.15": 0.05459765400705439,
            "0.2": 0.054730386904271275,
            "0.25": 0.05494560252470725,
            "0.3": 0.055177271660014085,
            "0.35": 0.055473510889307596,
            "0.4": 0.055884286653517426,
            "0.45": 0.05052456707416168,
            "0.5": 0.07513639906469213,
            "0.55": 0.1374357622875214,
            "0.6": 0.24761904761904763,
            "0.65": 0.38741032168479517,
            "0.7": 0.4892455858747994,
            "0.75": 0.5479134466769706,
            "0.8": 0.5570890840652447,
            "0.85": 0.5419018671298307,
            "0.9": 0.5115658362989324,
            "0.95": 0.475626423690205
        }
    },
    "ch9": {
        "best_threshold": 0.7,
        "val_f1": 0.6464427591188154,
        "sweep": {
            "0.1": 0.05997768882472603,
            "0.15": 0.06014170374031966,
            "0.2": 0.06036710622225167,
            "0.25": 0.060644514944064115,
            "0.3": 0.06106278238586554,
            "0.35": 0.06137313432835821,
            "0.4": 0.06170888823294498,
            "0.45": 0.06238910815801861,