{
    "opt_metric": "f1",
    "thresholds": {
        "ch0": 0.8,
        "ch1": 0.75,
        "ch2": 0.75,
        "ch3": 0.8,
        "ch4": 0.7,
        "ch5": 0.7,
        "ch6": 0.7,
        "ch7": 0.7,
        "ch8": 0.7,
        "ch9": 0.7,
        "ch10": 0.65,
        "ch11": 0.7,
        "ch12": 0.5,
        "ch13": 0.5,
        "ch14": 0.7
    },
    "val_scores": {
        "ch0": 0.7786485914001271,
        "ch1": 0.7831219938784434,
        "ch2": 0.8055356716774039,
        "ch3": 0.7860942249240122,
        "ch4": 0.7879412522545736,
        "ch5": 0.7693920335429769,
        "ch6": 0.6902960881780852,
        "ch7": 0.5579840575983543,
        "ch8": 0.6463878326996197,
        "ch9": 0.7589089309282886,
        "ch10": 0.7117273252455228,
        "ch11": 0.771251193887297,
        "ch12": 0.9385749385749386,
        "ch13": 0.9256625727213963,
        "ch14": 0.8771929824561403
    },
    "mean_threshold": 0.69,
    "mean_val_score": 0.7725813126644786
}