{
    "ch0": {
        "precision": 0.4704589172849684,
        "recall": 0.7489063867016623,
        "f1-score": 0.5778902953586498,
        "support": 2286.0
    },
    "ch1": {
        "precision": 0.6848899012908124,
        "recall": 0.7742489270386266,
        "f1-score": 0.7268331990330379,
        "support": 2330.0
    },
    "ch2": {
        "precision": 0.7993616051071591,
        "recall": 0.6789310611928737,
        "f1-score": 0.7342408376963351,
        "support": 2582.0
    },
    "ch3": {
        "precision": 0.646748101683724,
        "recall": 0.7451502472422975,
        "f1-score": 0.6924708377518558,
        "support": 2629.0
    },
    "ch4": {
        "precision": 0.9720767888307156,
        "recall": 0.7074513124470787,
        "f1-score": 0.8189169321244792,
        "support": 2362.0
    },
    "ch5": {
        "precision": 0.8930060213061602,
        "recall": 0.7130177514792899,
        "f1-score": 0.7929261772568373,
        "support": 2704.0
    },
    "ch6": {
        "precision": 0.9264024704065877,
        "recall": 0.5859375,
        "f1-score": 0.7178464606181456,
        "support": 3072.0
    },
    "ch7": {
        "precision": 0.8854576080853453,
        "recall": 0.5819188191881919,
        "f1-score": 0.70229347584057,
        "support": 2710.0
    },
    "ch8": {
        "precision": 0.9282380396732789,
        "recall": 0.5545486232136633,
        "f1-score": 0.6943050403665721,
        "support": 2869.0
    },
    "ch9": {
        "precision": 0.948169014084507,
        "recall": 0.5582089552238806,
        "f1-score": 0.702713987473904,
        "support": 3015.0
    },
    "ch10": {
        "precision": 0.9881744271988174,
        "recall": 0.507785795670338,
        "f1-score": 0.6708479678876066,
        "support": 2633.0
    },
    "ch11": {
        "precision": 0.9833715596330275,
        "recall": 0.5764705882352941,
        "f1-score": 0.7268489086670905,
        "support": 2975.0
    },
    "ch12": {
        "precision": 0.9986876640419947,
        "recall": 0.7210991787744788,
        "f1-score": 0.8374908290535583,
        "support": 3166.0
    },
    "ch13": {
        "precision": 0.9986065954482118,
        "recall": 0.8052434456928839,
        "f1-score": 0.8915612689197595,
        "support": 2670.0
    },
    "ch14": {
        "precision": 0.9949748743718593,
        "recall": 0.7367441860465116,
        "f1-score": 0.8466060929983966,
        "support": 2150.0
    },
    "micro avg": {
        "precision": 0.8370751087847639,
        "recall": 0.6611461161058949,
        "f1-score": 0.7387813600122448,
        "support": 40153.0
    },
    "macro avg": {
        "precision": 0.8745749058964781,
        "recall": 0.6663775185431381,
        "f1-score": 0.7422528207364533,
        "support": 40153.0
    },
    "weighted avg": {
        "precision": 0.881834633690581,
        "recall": 0.6611461161058949,
        "f1-score": 0.742390799102679,
        "support": 40153.0
    },
    "samples avg": {
        "precision": 0.36279052319183697,
        "recall": 0.3300085031178099,
        "f1-score": 0.33895055171023025,
        "support": 40153.0
    }
}