{
    "ch0": {
        "precision": 0.8671209540034072,
        "recall": 0.6679790026246719,
        "f1-score": 0.7546330615270571,
        "support": 2286.0
    },
    "ch1": {
        "precision": 0.9028423772609819,
        "recall": 0.7497854077253219,
        "f1-score": 0.8192262602579132,
        "support": 2330.0
    },
    "ch2": {
        "precision": 0.9502543810062182,
        "recall": 0.6510457010069713,
        "f1-score": 0.7726959319696621,
        "support": 2582.0
    },
    "ch3": {
        "precision": 0.9502460360852925,
        "recall": 0.6610878661087866,
        "f1-score": 0.7797218483624944,
        "support": 2629.0
    },
    "ch4": {
        "precision": 0.9720767888307156,
        "recall": 0.7074513124470787,
        "f1-score": 0.8189169321244792,
        "support": 2362.0
    },
    "ch5": {
        "precision": 0.8930060213061602,
        "recall": 0.7130177514792899,
        "f1-score": 0.7929261772568373,
        "support": 2704.0
    },
    "ch6": {
        "precision": 0.9264024704065877,
        "recall": 0.5859375,
        "f1-score": 0.7178464606181456,
        "support": 3072.0
    },
    "ch7": {
        "precision": 0.8854576080853453,
        "recall": 0.5819188191881919,
        "f1-score": 0.70229347584057,
        "support": 2710.0
    },
    "ch8": {
        "precision": 0.9282380396732789,
        "recall": 0.5545486232136633,
        "f1-score": 0.6943050403665721,
        "support": 2869.0
    },
    "ch9": {
        "precision": 0.948169014084507,
        "recall": 0.5582089552238806,
        "f1-score": 0.702713987473904,
        "support": 3015.0
    },
    "ch10": {
        "precision": 0.8755896226415094,
        "recall": 0.563995442461071,
        "f1-score": 0.6860706860706861,
        "support": 2633.0
    },
    "ch11": {
        "precision": 0.9833715596330275,
        "recall": 0.5764705882352941,
        "f1-score": 0.7268489086670905,
        "support": 2975.0
    },
    "ch12": {
        "precision": 0.9986933797909407,
        "recall": 0.7242577384712571,
        "f1-score": 0.8396191871109484,
        "support": 3166.0
    },
    "ch13": {
        "precision": 0.9981498612395929,
        "recall": 0.8082397003745319,
        "f1-score": 0.8932119205298014,
        "support": 2670.0
    },
    "ch14": {
        "precision": 0.9949748743718593,
        "recall": 0.7367441860465116,
        "f1-score": 0.8466060929983966,
        "support": 2150.0
    },
    "micro avg": {
        "precision": 0.9391210762331839,
        "recall": 0.651956267277663,
        "f1-score": 0.7696242723584407,
        "support": 40153.0
    },
    "macro avg": {
        "precision": 0.9383061992279618,
        "recall": 0.6560459063071014,
        "f1-score": 0.7698423980783038,
        "support": 40153.0
    },
    "weighted avg": {
        "precision": 0.9392266773034295,
        "recall": 0.651956267277663,
        "f1-score": 0.7672758835249786,
        "support": 40153.0
    },
    "samples avg": {
        "precision": 0.3617512532372982,
        "recall": 0.32535679749241386,
        "f1-score": 0.33654419318829604,
        "support": 40153.0
    }
}