{
    "ch0": {
        "best_threshold": 0.8,
        "val_f1": 0.7786485914001271,
        "sweep": {
            "0.1": 0.08947412563952026,
            "0.15": 0.09056989522105802,
            "0.2": 0.09217809029832562,
            "0.25": 0.0940659497695688,
            "0.3": 0.09734397974947419,
            "0.35": 0.10273618998451213,
            "0.4": 0.1131403910751229,
            "0.45": 0.12667584238160778,
            "0.5": 0.2595972139733276,
            "0.55": 0.273117899817529,
            "0.6": 0.3398833282161498,
            "0.65": 0.46671075837742504,
            "0.7": 0.6185094685400122,
            "0.75": 0.7307177033492823,
            "0.8": 0.7786485914001271,
            "0.85": 0.7751387347391787,
            "0.9": 0.7577894018649078,
            "0.95": 0.7283749125670319
        }
    },
    "ch1": {
        "best_threshold": 0.75,
        "val_f1": 0.7831219938784434,
        "sweep": {
            "0.1": 0.08668709909728851,
            "0.15": 0.08769904593759549,
            "0.2": 0.08918848846253564,
            "0.25": 0.0908673216936453,
            "0.3": 0.09358929780575737,
            "0.35": 0.09930388956620914,
            "0.4": 0.11030459565372283,
            "0.45": 0.13673193787981094,
            "0.5": 0.2670392973250442,
            "0.55": 0.2908830611049652,
            "0.6": 0.39187308655719455,
            "0.65": 0.564349426589268,
            "0.7": 0.7213491759294749,
            "0.75": 0.7831219938784434,
            "0.8": 0.7829865081179967,
            "0.85": 0.7461977186311787,
            "0.9": 0.7178988326848249,
            "0.95": 0.6773707977922729
        }
    },
    "ch2": {
        "best_threshold": 0.75,
        "val_f1": 0.8055356716774039,
        "sweep": {
            "0.1": 0.07750590396221464,
            "0.15": 0.07801359778994557,
            "0.2": 0.07854883783195836,
            "0.25": 0.07931857822633905,
            "0.3": 0.08082901554404145,
            "0.35": 0.08282781562983652,
            "0.4": 0.08832518337408313,
            "0.45": 0.10572282233969202,
            "0.5": 0.24704595185995623,
            "0.55": 0.2812520856971234,
            "0.6": 0.42455685257241677,
            "0.65": 0.6357167062012877,
            "0.7": 0.7662141779788839,
            "0.75": 0.8055356716774039,
            "0.8": 0.7957256461232605,
            "0.85": 0.774587039390089,
            "0.9": 0.7405857740585774,
            "0.95": 0.683433570256971
        }
    },
    "ch3": {
        "best_threshold": 0.8,
        "val_f1": 0.7860942249240122,
        "sweep": {
            "0.1": 0.09827552420145012,
            "0.15": 0.0991779193766714,
            "0.2": 0.10055472691012084,
            "0.25": 0.10230572160546542,
            "0.3": 0.10419874037788664,
            "0.35": 0.10823262701793517,
            "0.4": 0.11698384775307852,
            "0.45": 0.1372250985607752,
            "0.5": 0.28404923386083897,
            "0.55": 0.31040645719227444,
            "0.6": 0.4129190515126738,
            "0.65": 0.5777938342967245,
            "0.7": 0.7103180760279286,
            "0.75": 0.7739409042363831,
            "0.8": 0.7860942249240122,
            "0.85": 0.7704692715491852,
            "0.9": 0.7586346192688346,
            "0.95": 0.720335429769392
        }
    },
    "ch4": {
        "best_threshold": 0.7,
        "val_f1": 0.7879412522545736,
        "sweep": {
            "0.1": 0.0765715615081673,
            "0.15": 0.07728557964184732,
            "0.2": 0.07818993381560721,
            "0.25": 0.07954604975993017,
            "0.3": 0.08151225741470171,
            "0.35": 0.08479377549478773,
            "0.4": 0.09274707813251375,
            "0.45": 0.11064415068388476,
            "0.5": 0.23036649214659685,
            "0.55": 0.36532097948378556,
            "0.6": 0.667792159069593,
            "0.65": 0.7852138197632278,
            "0.7": 0.7879412522545736,
            "0.75": 0.7522690870261612,
            "0.8": 0.7147180192572214,
            "0.85": 0.6876404494382022,
            "0.9": 0.6539902045520023,
            "0.95": 0.6016162825501347
        }
    },
    "ch5": {
        "best_threshold": 0.7,
        "val_f1": 0.7693920335429769,
        "sweep": {
            "0.1": 0.09085861390136793,
            "0.15": 0.09183376925312409,
            "0.2": 0.09333635618492876,
            "0.25": 0.09547053334290431,
            "0.3": 0.09895794287427843,
            "0.35": 0.10411903902458589,
            "0.4": 0.1143638482919394,
            "0.45": 0.12753015743201798,
            "0.5": 0.26489555200352755,
            "0.55": 0.3607519631950504,
            "0.6": 0.5550416281221091,
            "0.65": 0.7135587059251182,
            "0.7": 0.7693920335429769,
            "0.75": 0.769162605228179,
            "0.8": 0.7448465414567109,
            "0.85": 0.6994535519125683,
            "0.9": 0.6736127937969469,
            "0.95": 0.626348808030113
        }
    },
    "ch6": {
        "best_threshold": 0.7,
        "val_f1": 0.6902960881780852,
        "sweep": {
            "0.1": 0.09220447180288892,
            "0.15": 0.0928360170883996,
            "0.2": 0.09353114939095224,
            "0.25": 0.09445564516129032,
            "0.3": 0.09504160414677397,
            "0.35": 0.09627917484923794,
            "0.4": 0.09790534744066343,
            "0.45": 0.09853308540410585,
            "0.5": 0.10458646449868103,
            "0.55": 0.20619372711981795,
            "0.6": 0.39134955292160534,
            "0.65": 0.6140785284754157,
            "0.7": 0.6902960881780852,
            "0.75": 0.6782133090246126,
            "0.8": 0.6557911908646004,
            "0.85": 0.6243739565943238,
            "0.9": 0.5731254639940608,
            "0.95": 0.5173566469529443
        }
    },
    "ch7": {
        "best_threshold": 0.7,
        "val_f1": 0.5579840575983543,
        "sweep": {
            "0.1": 0.08194905869324474,
            "0.15": 0.08216751676971774,
            "0.2": 0.08258385093167701,
            "0.25": 0.08274314799002126,
            "0.3": 0.08301669154566427,
            "0.35": 0.08356275864457258,
            "0.4": 0.0841667702911552,
            "0.45": 0.0838002255875446,
            "0.5": 0.08490798554058494,
            "0.55": 0.1483000916510278,
            "0.6": 0.304755944931164,
            "0.65": 0.4889927917397234,
            "0.7": 0.5579840575983543,
            "0.75": 0.5395763656633222,
            "0.8": 0.5149425287356322,
            "0.85": 0.46781883194278906,
            "0.9": 0.42813455657492355,
            "0.95": 0.35361947469570787
        }
    },
    "ch8": {
        "best_threshold": 0.7,
        "val_f1": 0.6463878326996197,
        "sweep": {
            "0.1": 0.0826858231930802,
            "0.15": 0.08284062433463812,
            "0.2": 0.08314377081066825,
            "0.25": 0.08326690580576591,
            "0.3": 0.08313343957057788,
            "0.35": 0.08351625912501914,
            "0.4": 0.08486705786073723,
            "0.45": 0.08708452214367492,
            "0.5": 0.08658653751887217,
            "0.55": 0.1457105565004153,
            "0.6": 0.3370446438222895,
            "0.65": 0.5622044005757763,
            "0.7": 0.6463878326996197,
            "0.75": 0.6168726491133799,
            "0.8": 0.5842323651452282,
            "0.85": 0.5406330196749358,
            "0.9": 0.4840047393364929,
            "0.95": 0.390059767222397
        }
    },
    "ch9": {
        "best_threshold": 0.7,
        "val_f1": 0.7589089309282886,
        "sweep": {
            "0.1": 0.08978211253961217,
            "0.15": 0.09065710634201397,
            "0.2": 0.09150216901503178,
            "0.25": 0.09238677173931543,
            "0.3": 0.09349930843706777,
            "0.35": 0.09467518261053672,
            "0.4": 0.0971467266970479,
            "0.45": 0.10343029087261785,
            "0.5": 0.1300581088219757,