{
    "ch0": {
        "precision": 0.6932599724896836,
        "recall": 0.484149855907781,
        "f1-score": 0.5701357466063348,
        "support": 1041.0
    },
    "ch1": {
        "precision": 0.7323568575233023,
        "recall": 0.5078485687903971,
        "f1-score": 0.5997818974918212,
        "support": 1083.0
    },
    "ch2": {
        "precision": 1.0,
        "recall": 0.0507185122569738,
        "f1-score": 0.09654062751407884,
        "support": 1183.0
    },
    "ch3": {
        "precision": 0.869942196531792,
        "recall": 0.5058823529411764,
        "f1-score": 0.6397449521785334,
        "support": 1190.0
    },
    "ch4": {
        "precision": 0.8688524590163934,
        "recall": 0.051207729468599035,
        "f1-score": 0.09671532846715329,
        "support": 1035.0
    },
    "ch5": {
        "precision": 0.8575539568345324,
        "recall": 0.494195688225539,
        "f1-score": 0.6270384008416623,
        "support": 1206.0
    },
    "ch6": {
        "precision": 0.9953917050691244,
        "recall": 0.1410842586544742,
        "f1-score": 0.2471395881006865,
        "support": 1531.0
    },
    "ch7": {
        "precision": 1.0,
        "recall": 0.16059479553903347,
        "f1-score": 0.2767456758488149,
        "support": 1345.0
    },
    "ch8": {
        "precision": 1.0,
        "recall": 0.19236016371077763,
        "f1-score": 0.32265446224256294,
        "support": 1466.0
    },
    "ch9": {
        "precision": 1.0,
        "recall": 0.05360824742268041,
        "f1-score": 0.10176125244618395,
        "support": 1455.0
    },
    "ch10": {
        "precision": 1.0,
        "recall": 0.07444359171143515,
        "f1-score": 0.13857142857142857,
        "support": 1303.0
    },
    "ch11": {
        "precision": 0.9942196531791907,
        "recall": 0.11497326203208556,
        "f1-score": 0.2061114439784302,
        "support": 1496.0
    },
    "ch12": {
        "precision": 0.994475138121547,
        "recall": 0.33436532507739936,
        "f1-score": 0.5004633920296571,
        "support": 1615.0
    },
    "ch13": {
        "precision": 0.9953007518796992,
        "recall": 0.7856083086053413,
        "f1-score": 0.8781094527363185,
        "support": 1348.0
    },
    "ch14": {
        "precision": 1.0,
        "recall": 0.3895131086142322,
        "f1-score": 0.5606469002695418,
        "support": 1068.0
    },
    "micro avg": {
        "precision": 0.8960803689064558,
        "recall": 0.2809708236509166,
        "f1-score": 0.4278020206785391,
        "support": 19365.0
    },
    "macro avg": {
        "precision": 0.9334235127096844,
        "recall": 0.2893702512638617,
        "f1-score": 0.39081070328821393,
        "support": 19365.0
    },
    "weighted avg": {
        "precision": 0.943070991591726,
        "recall": 0.2809708236509166,
        "f1-score": 0.3834839993752246,
        "support": 19365.0
    },
    "samples avg": {
        "precision": 0.08698085951607079,
        "recall": 0.07824124232574936,
        "f1-score": 0.08099674972914409,
        "support": 19365.0
    }
}