{
    "ch0": {
        "precision": 0.8023758099352052,
        "recall": 0.6500437445319335,
        "f1-score": 0.7182213629772837,
        "support": 2286.0
    },
    "ch1": {
        "precision": 0.8319116909182137,
        "recall": 0.711587982832618,
        "f1-score": 0.76705991209808,
        "support": 2330.0
    },
    "ch2": {
        "precision": 1.0,
        "recall": 0.11347792408985283,
        "f1-score": 0.20382608695652174,
        "support": 2582.0
    },
    "ch3": {
        "precision": 0.9247666117517848,
        "recall": 0.6405477367820464,
        "f1-score": 0.7568539325842697,
        "support": 2629.0
    },
    "ch4": {
        "precision": 0.8875739644970414,
        "recall": 0.12701100762066045,
        "f1-score": 0.2222222222222222,
        "support": 2362.0
    },
    "ch5": {
        "precision": 0.9263331500824629,
        "recall": 0.6231508875739645,
        "f1-score": 0.7450806986513376,
        "support": 2704.0
    },
    "ch6": {
        "precision": 0.9989561586638831,
        "recall": 0.3115234375,
        "f1-score": 0.4749379652605459,
        "support": 3072.0
    },
    "ch7": {
        "precision": 1.0,
        "recall": 0.333210332103321,
        "f1-score": 0.49986161084970937,
        "support": 2710.0
    },
    "ch8": {
        "precision": 1.0,
        "recall": 0.33949111188567443,
        "f1-score": 0.5068956544366381,
        "support": 2869.0
    },
    "ch9": {
        "precision": 1.0,
        "recall": 0.0988391376451078,
        "f1-score": 0.17989737398128586,
        "support": 3015.0
    },
    "ch10": {
        "precision": 1.0,
        "recall": 0.14660083554880365,
        "f1-score": 0.25571381252070224,
        "support": 2633.0
    },
    "ch11": {
        "precision": 0.9985422740524781,
        "recall": 0.23025210084033612,
        "f1-score": 0.3742146954384048,
        "support": 2975.0
    },
    "ch12": {
        "precision": 0.9984017048481619,
        "recall": 0.5919140871762476,
        "f1-score": 0.743208407693833,
        "support": 3166.0
    },
    "ch13": {
        "precision": 0.9994444444444445,
        "recall": 0.6737827715355805,
        "f1-score": 0.8049217002237137,
        "support": 2670.0
    },
    "ch14": {
        "precision": 0.9993781094527363,
        "recall": 0.7474418604651163,
        "f1-score": 0.8552421500798297,
        "support": 2150.0
    },
    "micro avg": {
        "precision": 0.9422356014994888,
        "recall": 0.41314472144049014,
        "f1-score": 0.5744213023078655,
        "support": 40153.0
    },
    "macro avg": {
        "precision": 0.9578455945764275,
        "recall": 0.4225916638754175,
        "f1-score": 0.5405438390649586,
        "support": 40153.0
    },
    "weighted avg": {
        "precision": 0.9621106091667535,
        "recall": 0.41314472144049014,
        "f1-score": 0.5335227717087584,
        "support": 40153.0
    },
    "samples avg": {
        "precision": 0.2398810119265953,
        "recall": 0.2013446597085598,
        "f1-score": 0.21330416390771853,
        "support": 40153.0
    },
    "hamming_score": 0.9726777596229729,
    "exact_match_accuracy": 0.6627263329887626
}