{
    "ch0": {
        "precision": 0.7248648648648649,
        "recall": 0.7167290219134153,
        "f1-score": 0.720773985487772,
        "support": 1871.0
    },
    "ch1": {
        "precision": 0.8117977528089888,
        "recall": 0.7545691906005222,
        "f1-score": 0.7821380243572396,
        "support": 1915.0
    },
    "ch2": {
        "precision": 0.7699433865156974,
        "recall": 0.7066603684459141,
        "f1-score": 0.7369458128078817,
        "support": 2117.0
    },
    "ch3": {
        "precision": 0.7228915662650602,
        "recall": 0.7527881040892194,
        "f1-score": 0.7375369906669702,
        "support": 2152.0
    },
    "ch4": {
        "precision": 0.8668266346730654,
        "recall": 0.7498702646600934,
        "f1-score": 0.8041179744017808,
        "support": 1927.0
    },
    "ch5": {
        "precision": 0.8062283737024222,
        "recall": 0.7383431416930738,
        "f1-score": 0.7707939508506616,
        "support": 2209.0
    },
    "ch6": {
        "precision": 0.9578947368421052,
        "recall": 0.6040609137055838,
        "f1-score": 0.7409003831417624,
        "support": 2561.0
    },
    "ch7": {
        "precision": 0.954798331015299,
        "recall": 0.6075221238938053,
        "f1-score": 0.7425635478637101,
        "support": 2260.0
    },
    "ch8": {
        "precision": 0.948959032907992,
        "recall": 0.5877703826955075,
        "f1-score": 0.725918314924223,
        "support": 2404.0
    },
    "ch9": {
        "precision": 0.9040150564617315,
        "recall": 0.5775551102204409,
        "f1-score": 0.7048178038640255,
        "support": 2495.0
    },
    "ch10": {
        "precision": 0.9801210025929127,
        "recall": 0.5159235668789809,
        "f1-score": 0.6760059612518629,
        "support": 2198.0
    },
    "ch11": {
        "precision": 0.957774798927614,
        "recall": 0.5750503018108651,
        "f1-score": 0.718632134774956,
        "support": 2485.0
    },
    "ch12": {
        "precision": 0.9989047097480832,
        "recall": 0.6880422482082234,
        "f1-score": 0.8148313602859057,
        "support": 2651.0
    },
    "ch13": {
        "precision": 1.0,
        "recall": 0.7601972209771403,
        "f1-score": 0.863763687293099,
        "support": 2231.0
    },
    "ch14": {
        "precision": 0.999203187250996,
        "recall": 0.6989966555183946,
        "f1-score": 0.8225647753361758,
        "support": 1794.0
    },
    "micro avg": {
        "precision": 0.8812335434453044,
        "recall": 0.663931469792606,
        "f1-score": 0.75730252331322,
        "support": 33270.0
    },
    "macro avg": {
        "precision": 0.8936148956384556,
        "recall": 0.6689385743540786,
        "f1-score": 0.7574869804872019,
        "support": 33270.0
    },
    "weighted avg": {
        "precision": 0.8987571996935978,
        "recall": 0.663931469792606,
        "f1-score": 0.7562266589572766,
        "support": 33270.0
    },
    "samples avg": {
        "precision": 0.7026118051783452,
        "recall": 0.6655835337937457,
        "f1-score": 0.6698352344740177,
        "support": 33270.0
    }
}