{
    "ch0": {
        "precision": 0.9036860879904876,
        "recall": 0.521978021978022,
        "f1-score": 0.6617326948193296,
        "support": 1456.0
    },
    "ch1": {
        "precision": 0.9445061043285239,
        "recall": 0.5673333333333334,
        "f1-score": 0.7088713036234903,
        "support": 1500.0
    },
    "ch2": {
        "precision": 1.0,
        "recall": 0.08292978208232446,
        "f1-score": 0.15315818893236444,
        "support": 1652.0
    },
    "ch3": {
        "precision": 0.9749430523917996,
        "recall": 0.5119617224880383,
        "f1-score": 0.6713725490196079,
        "support": 1672.0
    },
    "ch4": {
        "precision": 0.8823529411764706,
        "recall": 0.09090909090909091,
        "f1-score": 0.16483516483516483,
        "support": 1485.0
    },
    "ch5": {
        "precision": 0.9687848383500557,
        "recall": 0.508187134502924,
        "f1-score": 0.6666666666666666,
        "support": 1710.0
    },
    "ch6": {
        "precision": 0.998015873015873,
        "recall": 0.2458455522971652,
        "f1-score": 0.39450980392156865,
        "support": 2046.0
    },
    "ch7": {
        "precision": 1.0,
        "recall": 0.26814404432132966,
        "f1-score": 0.4228920926168633,
        "support": 1805.0
    },
    "ch8": {
        "precision": 1.0,
        "recall": 0.3047520661157025,
        "f1-score": 0.4671417260490895,
        "support": 1936.0
    },
    "ch9": {
        "precision": 1.0,
        "recall": 0.08607594936708861,
        "f1-score": 0.1585081585081585,
        "support": 1975.0
    },
    "ch10": {
        "precision": 1.0,
        "recall": 0.12435824301197947,
        "f1-score": 0.22120750887874174,
        "support": 1753.0
    },
    "ch11": {
        "precision": 0.9973821989528796,
        "recall": 0.19136112506278252,
        "f1-score": 0.3211125158027813,
        "support": 1991.0
    },
    "ch12": {
        "precision": 0.9980314960629921,
        "recall": 0.7124121779859485,
        "f1-score": 0.831374692538945,
        "support": 2135.0
    },
    "ch13": {
        "precision": 0.9989690721649485,
        "recall": 0.541038525963149,
        "f1-score": 0.7019195943498733,
        "support": 1791.0
    },
    "ch14": {
        "precision": 1.0,
        "recall": 0.5415212840195395,
        "f1-score": 0.7025803531009507,
        "support": 1433.0
    },
    "micro avg": {
        "precision": 0.9782493368700266,
        "recall": 0.35003796507213364,
        "f1-score": 0.5155878652313715,
        "support": 26340.0
    },
    "macro avg": {
        "precision": 0.9777781109622687,
        "recall": 0.3532538702292279,
        "f1-score": 0.48319220091090637,
        "support": 26340.0
    },
    "weighted avg": {
        "precision": 0.9806843721366457,
        "recall": 0.35003796507213364,
        "f1-score": 0.4799195854101659,
        "support": 26340.0
    },
    "samples avg": {
        "precision": 0.1424816771963749,
        "recall": 0.12432557079909093,
        "f1-score": 0.13015878307848502,
        "support": 26340.0
    }
}