{
    "ch0": {
        "precision": 0.6889632107023411,
        "recall": 0.5936599423631124,
        "f1-score": 0.6377708978328174,
        "support": 1041.0
    },
    "ch1": {
        "precision": 0.8,
        "recall": 0.5687903970452447,
        "f1-score": 0.6648677819751754,
        "support": 1083.0
    },
    "ch2": {
        "precision": 0.7707838479809976,
        "recall": 0.5486052409129332,
        "f1-score": 0.6409876543209877,
        "support": 1183.0
    },
    "ch3": {
        "precision": 0.667262969588551,
        "recall": 0.626890756302521,
        "f1-score": 0.6464471403812825,
        "support": 1190.0
    },
    "ch4": {
        "precision": 0.6955161626694474,
        "recall": 0.6444444444444445,
        "f1-score": 0.6690070210631895,
        "support": 1035.0
    },
    "ch5": {
        "precision": 0.735609756097561,
        "recall": 0.6252072968490879,
        "f1-score": 0.6759300761990139,
        "support": 1206.0
    },
    "ch6": {
        "precision": 0.9688581314878892,
        "recall": 0.36577400391900716,
        "f1-score": 0.5310573731626363,
        "support": 1531.0
    },
    "ch7": {
        "precision": 0.9698681732580038,
        "recall": 0.3828996282527881,
        "f1-score": 0.5490405117270789,
        "support": 1345.0
    },
    "ch8": {
        "precision": 0.957089552238806,
        "recall": 0.3499317871759891,
        "f1-score": 0.5124875124875125,
        "support": 1466.0
    },
    "ch9": {
        "precision": 0.946236559139785,
        "recall": 0.3628865979381443,
        "f1-score": 0.5245901639344263,
        "support": 1455.0
    },
    "ch10": {
        "precision": 1.0,
        "recall": 0.18802762854950114,
        "f1-score": 0.3165374677002584,
        "support": 1303.0
    },
    "ch11": {
        "precision": 1.0,
        "recall": 0.24532085561497327,
        "f1-score": 0.39398819108964034,
        "support": 1496.0
    },
    "ch12": {
        "precision": 0.9972714870395635,
        "recall": 0.45263157894736844,
        "f1-score": 0.6226575809199318,
        "support": 1615.0
    },
    "ch13": {
        "precision": 1.0,
        "recall": 0.5118694362017804,
        "f1-score": 0.677134445534838,
        "support": 1348.0
    },
    "ch14": {
        "precision": 0.997946611909651,
        "recall": 0.4550561797752809,
        "f1-score": 0.62508038585209,
        "support": 1068.0
    },
    "micro avg": {
        "precision": 0.840267027863777,
        "recall": 0.44848954298993027,
        "f1-score": 0.5848287936433116,
        "support": 19365.0
    },
    "macro avg": {
        "precision": 0.8796937641408397,
        "recall": 0.4614663849528117,
        "f1-score": 0.5791722802787252,
        "support": 19365.0
    },
    "weighted avg": {
        "precision": 0.8927218138439671,
        "recall": 0.44848954298993027,
        "f1-score": 0.5718063095218884,
        "support": 19365.0
    },
    "samples avg": {
        "precision": 0.476870687248215,
        "recall": 0.4494834669538511,
        "f1-score": 0.4541969378393932,
        "support": 19365.0
    }
}