{
    "ch0": {
        "precision": 0.7061155152887882,
        "recall": 0.6664885088188135,
        "f1-score": 0.6857299972504811,
        "support": 1871.0
    },
    "ch1": {
        "precision": 0.7798989331836047,
        "recall": 0.7253263707571802,
        "f1-score": 0.7516233766233766,
        "support": 1915.0
    },
    "ch2": {
        "precision": 0.889487870619946,
        "recall": 0.6235238545111006,
        "f1-score": 0.7331296861982782,
        "support": 2117.0
    },
    "ch3": {
        "precision": 0.8405797101449275,
        "recall": 0.6737918215613383,
        "f1-score": 0.748001031725561,
        "support": 2152.0
    },
    "ch4": {
        "precision": 0.9434682964094728,
        "recall": 0.6408925791385574,
        "f1-score": 0.7632880098887516,
        "support": 1927.0
    },
    "ch5": {
        "precision": 0.896551724137931,
        "recall": 0.6473517428700769,
        "f1-score": 0.7518401682439537,
        "support": 2209.0
    },
    "ch6": {
        "precision": 0.972936400541272,
        "recall": 0.5614994142912925,
        "f1-score": 0.7120574399603863,
        "support": 2561.0
    },
    "ch7": {
        "precision": 0.9664634146341463,
        "recall": 0.5610619469026549,
        "f1-score": 0.70996640537514,
        "support": 2260.0
    },
    "ch8": {
        "precision": 0.9683641975308642,
        "recall": 0.5220465890183028,
        "f1-score": 0.6783783783783783,
        "support": 2404.0
    },
    "ch9": {
        "precision": 0.970566037735849,
        "recall": 0.5154308617234469,
        "f1-score": 0.6732984293193718,
        "support": 2495.0
    },
    "ch10": {
        "precision": 0.9853345554537122,
        "recall": 0.489080982711556,
        "f1-score": 0.6536941319550015,
        "support": 2198.0
    },
    "ch11": {
        "precision": 0.9703971119133574,
        "recall": 0.5408450704225352,
        "f1-score": 0.6945736434108527,
        "support": 2485.0
    },
    "ch12": {
        "precision": 0.9972707423580786,
        "recall": 0.6891738966427763,
        "f1-score": 0.8150791880437207,
        "support": 2651.0
    },
    "ch13": {
        "precision": 0.9988228369629194,
        "recall": 0.7606454504706409,
        "f1-score": 0.8636132315521629,
        "support": 2231.0
    },
    "ch14": {
        "precision": 0.9821150855365475,
        "recall": 0.7040133779264214,
        "f1-score": 0.8201298701298702,
        "support": 1794.0
    },
    "micro avg": {
        "precision": 0.9177249150420318,
        "recall": 0.6168920949804628,
        "f1-score": 0.7378221950605744,
        "support": 33270.0
    },
    "macro avg": {
        "precision": 0.9245581621634277,
        "recall": 0.6214114978511129,
        "f1-score": 0.7369601992036857,
        "support": 33270.0
    },
    "weighted avg": {
        "precision": 0.9300219558419761,
        "recall": 0.6168920949804628,
        "f1-score": 0.7356841871485947,
        "support": 33270.0
    },
    "samples avg": {
        "precision": 0.2874872188139059,
        "recall": 0.2644580221392371,
        "f1-score": 0.27102457480725023,
        "support": 33270.0
    }
}