{
    "ch0": {
        "precision": 0.6201183431952663,
        "recall": 0.5033621517771374,
        "f1-score": 0.5556733828207847,
        "support": 1041.0
    },
    "ch1": {
        "precision": 0.6800976800976801,
        "recall": 0.5143120960295475,
        "f1-score": 0.5856992639327024,
        "support": 1083.0
    },
    "ch2": {
        "precision": 0.7987987987987988,
        "recall": 0.44970414201183434,
        "f1-score": 0.5754461871281774,
        "support": 1183.0
    },
    "ch3": {
        "precision": 0.7726130653266332,
        "recall": 0.5168067226890757,
        "f1-score": 0.6193353474320241,
        "support": 1190.0
    },
    "ch4": {
        "precision": 0.9171075837742504,
        "recall": 0.5024154589371981,
        "f1-score": 0.6491885143570537,
        "support": 1035.0
    },
    "ch5": {
        "precision": 0.8514851485148515,
        "recall": 0.49917081260364843,
        "f1-score": 0.6293779404077365,
        "support": 1206.0
    },
    "ch6": {
        "precision": 0.9873150105708245,
        "recall": 0.30502939255388634,
        "f1-score": 0.4660678642714571,
        "support": 1531.0
    },
    "ch7": {
        "precision": 0.981859410430839,
        "recall": 0.32193308550185873,
        "f1-score": 0.48488241881298993,
        "support": 1345.0
    },
    "ch8": {
        "precision": 0.9976359338061466,
        "recall": 0.2878581173260573,
        "f1-score": 0.4467972472207517,
        "support": 1466.0
    },
    "ch9": {
        "precision": 0.9972375690607734,
        "recall": 0.24810996563573884,
        "f1-score": 0.39735828288387454,
        "support": 1455.0
    },
    "ch10": {
        "precision": 0.996,
        "recall": 0.1910974673829624,
        "f1-score": 0.32066967160334836,
        "support": 1303.0
    },
    "ch11": {
        "precision": 0.9820359281437125,
        "recall": 0.2192513368983957,
        "f1-score": 0.3584699453551913,
        "support": 1496.0
    },
    "ch12": {
        "precision": 0.9959349593495935,
        "recall": 0.4551083591331269,
        "f1-score": 0.624734381640459,
        "support": 1615.0
    },
    "ch13": {
        "precision": 0.9940564635958395,
        "recall": 0.49629080118694363,
        "f1-score": 0.6620484908461158,
        "support": 1348.0
    },
    "ch14": {
        "precision": 0.9818181818181818,
        "recall": 0.4550561797752809,
        "f1-score": 0.6218809980806143,
        "support": 1068.0
    },
    "micro avg": {
        "precision": 0.8732099196646874,
        "recall": 0.3872966692486445,
        "f1-score": 0.5365958360163126,
        "support": 19365.0
    },
    "macro avg": {
        "precision": 0.9036076050988928,
        "recall": 0.3977004059628461,
        "f1-score": 0.5331753291195521,
        "support": 19365.0
    },
    "weighted avg": {
        "precision": 0.9156823504757676,
        "recall": 0.3872966692486445,
        "f1-score": 0.5256910840949569,
        "support": 19365.0
    },
    "samples avg": {
        "precision": 0.11705280995638527,
        "recall": 0.10743811984332027,
        "f1-score": 0.11037205481409164,
        "support": 19365.0
    }
}