{
    "opt_metric": "f1",
    "thresholds": {
        "ch0": 0.8,
        "ch1": 0.8,
        "ch2": 0.8,
        "ch3": 0.8,
        "ch4": 0.7,
        "ch5": 0.75,
        "ch6": 0.7,
        "ch7": 0.7,
        "ch8": 0.7,
        "ch9": 0.7,
        "ch10": 0.7,
        "ch11": 0.7,
        "ch12": 0.5,
        "ch13": 0.5,
        "ch14": 0.7
    },
    "val_scores": {
        "ch0": 0.7764947395432384,
        "ch1": 0.7792136376134177,
        "ch2": 0.7816985645933014,
        "ch3": 0.7971611721611722,
        "ch4": 0.7894245723172628,
        "ch5": 0.7640268456375839,
        "ch6": 0.6747988580327018,
        "ch7": 0.5589984350547731,
        "ch8": 0.6295835922933499,
        "ch9": 0.6946336148188504,
        "ch10": 0.6532438478747203,
        "ch11": 0.7251798561151079,
        "ch12": 0.9245901639344263,
        "ch13": 0.9110994213571805,
        "ch14": 0.8539596507076181
    },
    "mean_threshold": 0.7033333333333333,
    "mean_val_score": 0.7542737981369801
}