{
    "ch0": {
        "precision": 0.8635097493036211,
        "recall": 0.6627471940138963,
        "f1-score": 0.7499244027819776,
        "support": 1871.0
    },
    "ch1": {
        "precision": 0.9581560283687943,
        "recall": 0.7054830287206266,
        "f1-score": 0.8126315789473684,
        "support": 1915.0
    },
    "ch2": {
        "precision": 0.9686333084391336,
        "recall": 0.6126594237128011,
        "f1-score": 0.7505787037037037,
        "support": 2117.0
    },
    "ch3": {
        "precision": 0.9478547854785478,
        "recall": 0.6672862453531598,
        "f1-score": 0.7832015271338969,
        "support": 2152.0
    },
    "ch4": {
        "precision": 0.9616991643454039,
        "recall": 0.7166580176440063,
        "f1-score": 0.8212905144216474,
        "support": 1927.0
    },
    "ch5": {
        "precision": 0.9734799482535575,
        "recall": 0.6813037573562698,
        "f1-score": 0.8015978695073236,
        "support": 2209.0
    },
    "ch6": {
        "precision": 0.9238095238095239,
        "recall": 0.5681374463100352,
        "f1-score": 0.7035783365570599,
        "support": 2561.0
    },
    "ch7": {
        "precision": 0.9097956307258633,
        "recall": 0.5712389380530973,
        "f1-score": 0.701821147050829,
        "support": 2260.0
    },
    "ch8": {
        "precision": 0.9413892908827786,
        "recall": 0.5411813643926788,
        "f1-score": 0.6872688853671421,
        "support": 2404.0
    },
    "ch9": {
        "precision": 0.9524870081662955,
        "recall": 0.5142284569138277,
        "f1-score": 0.6678813118167621,
        "support": 2495.0
    },
    "ch10": {
        "precision": 0.9760589318600368,
        "recall": 0.4822565969062784,
        "f1-score": 0.6455542021924482,
        "support": 2198.0
    },
    "ch11": {
        "precision": 0.9686817188638019,
        "recall": 0.5352112676056338,
        "f1-score": 0.6894764126490409,
        "support": 2485.0
    },
    "ch12": {
        "precision": 0.998389694041868,
        "recall": 0.7016220294228593,
        "f1-score": 0.824102791315906,
        "support": 2651.0
    },
    "ch13": {
        "precision": 0.9976865240023135,
        "recall": 0.7731958762886598,
        "f1-score": 0.8712121212121212,
        "support": 2231.0
    },
    "ch14": {
        "precision": 0.9952718676122931,
        "recall": 0.7040133779264214,
        "f1-score": 0.8246816846229187,
        "support": 1794.0
    },
    "micro avg": {
        "precision": 0.956409666283084,
        "recall": 0.6245266005410279,
        "f1-score": 0.7556323302118374,
        "support": 33270.0
    },
    "macro avg": {
        "precision": 0.9557935449435888,
        "recall": 0.6291482013746834,
        "f1-score": 0.7556534326186762,
        "support": 33270.0
    },
    "weighted avg": {
        "precision": 0.9563178703818382,
        "recall": 0.6245266005410279,
        "f1-score": 0.7524419669487646,
        "support": 33270.0
    },
    "samples avg": {
        "precision": 0.2979780719302925,
        "recall": 0.27042350182270825,
        "f1-score": 0.2790459201818898,
        "support": 33270.0
    }
}