{
    "ch0": {
        "precision": 0.48409646976581616,
        "recall": 0.7402458578300374,
        "f1-score": 0.5853761622992393,
        "support": 1871.0
    },
    "ch1": {
        "precision": 0.5829025844930418,
        "recall": 0.7655352480417754,
        "f1-score": 0.6618510158013544,
        "support": 1915.0
    },
    "ch2": {
        "precision": 0.6524064171122995,
        "recall": 0.6915446386395843,
        "f1-score": 0.6714056409080487,
        "support": 2117.0
    },
    "ch3": {
        "precision": 0.6253918495297806,
        "recall": 0.741635687732342,
        "f1-score": 0.6785714285714286,
        "support": 2152.0
    },
    "ch4": {
        "precision": 0.9616991643454039,
        "recall": 0.7166580176440063,
        "f1-score": 0.8212905144216474,
        "support": 1927.0
    },
    "ch5": {
        "precision": 0.8989784335981839,
        "recall": 0.7170665459483929,
        "f1-score": 0.7977839335180056,
        "support": 2209.0
    },
    "ch6": {
        "precision": 0.9238095238095239,
        "recall": 0.5681374463100352,
        "f1-score": 0.7035783365570599,
        "support": 2561.0
    },
    "ch7": {
        "precision": 0.9097956307258633,
        "recall": 0.5712389380530973,
        "f1-score": 0.701821147050829,
        "support": 2260.0
    },
    "ch8": {
        "precision": 0.9413892908827786,
        "recall": 0.5411813643926788,
        "f1-score": 0.6872688853671421,
        "support": 2404.0
    },
    "ch9": {
        "precision": 0.9524870081662955,
        "recall": 0.5142284569138277,
        "f1-score": 0.6678813118167621,
        "support": 2495.0
    },
    "ch10": {
        "precision": 0.9760589318600368,
        "recall": 0.4822565969062784,
        "f1-score": 0.6455542021924482,
        "support": 2198.0
    },
    "ch11": {
        "precision": 0.9686817188638019,
        "recall": 0.5352112676056338,
        "f1-score": 0.6894764126490409,
        "support": 2485.0
    },
    "ch12": {
        "precision": 0.9983739837398374,
        "recall": 0.6948321388155413,
        "f1-score": 0.8193950177935944,
        "support": 2651.0
    },
    "ch13": {
        "precision": 0.9982517482517482,
        "recall": 0.7678171223666517,
        "f1-score": 0.8680010134279199,
        "support": 2231.0
    },
    "ch14": {
        "precision": 0.9952718676122931,
        "recall": 0.7040133779264214,
        "f1-score": 0.8246816846229187,
        "support": 1794.0
    },
    "micro avg": {
        "precision": 0.8116897884921538,
        "recall": 0.6436429215509468,
        "f1-score": 0.7179641923154295,
        "support": 33270.0
    },
    "macro avg": {
        "precision": 0.8579729748504471,
        "recall": 0.6501068470084203,
        "f1-score": 0.7215957804664959,
        "support": 33270.0
    },
    "weighted avg": {
        "precision": 0.8674919119591793,
        "recall": 0.6436429215509468,
        "f1-score": 0.7218601468078791,
        "support": 33270.0
    },
    "samples avg": {
        "precision": 0.3028918822797191,
        "recall": 0.2788938161287455,
        "f1-score": 0.285341884820079,
        "support": 33270.0
    }
}