{
    "ch0": {
        "best_threshold": 0.8,
        "val_f1": 0.7764947395432384,
        "sweep": {
            "0.1": 0.07373225492499245,
            "0.15": 0.07455021596435737,
            "0.2": 0.0752404136668911,
            "0.25": 0.07629091422121896,
            "0.3": 0.07844565435111167,
            "0.35": 0.08238805970149254,
            "0.4": 0.08958072657094988,
            "0.45": 0.10076119839953157,
            "0.5": 0.2205298013245033,
            "0.55": 0.24759071211435224,
            "0.6": 0.3371833084947839,
            "0.65": 0.4707979160954209,
            "0.7": 0.6221302220549492,
            "0.75": 0.7278627723690311,
            "0.8": 0.7764947395432384,
            "0.85": 0.7749595250944414,
            "0.9": 0.76,
            "0.95": 0.7275842375785265
        }
    },
    "ch1": {
        "best_threshold": 0.8,
        "val_f1": 0.7792136376134177,
        "sweep": {
            "0.1": 0.07110799672989973,
            "0.15": 0.07179954134628355,
            "0.2": 0.07260433030530701,
            "0.25": 0.07387312186978297,
            "0.3": 0.07535663338088446,
            "0.35": 0.07859786222831702,
            "0.4": 0.08544107298091651,
            "0.45": 0.10274996831833734,
            "0.5": 0.2241928939894511,
            "0.55": 0.25137892995035854,
            "0.6": 0.3508664627930683,
            "0.65": 0.5112385676639281,
            "0.7": 0.660940519647842,
            "0.75": 0.7510828025477707,
            "0.8": 0.7792136376134177,
            "0.85": 0.7511520737327189,
            "0.9": 0.7313915857605178,
            "0.95": 0.6877662811929397
        }
    },
    "ch2": {
        "best_threshold": 0.8,
        "val_f1": 0.7816985645933014,
        "sweep": {
            "0.1": 0.06398053623974619,
            "0.15": 0.06439337535778693,
            "0.2": 0.06485585735710715,
            "0.25": 0.06536894217492338,
            "0.3": 0.06601370869869921,
            "0.35": 0.06752253674278298,
            "0.4": 0.0712627884954602,
            "0.45": 0.08228026444131353,
            "0.5": 0.2046757829730922,
            "0.55": 0.2360717658168083,
            "0.6": 0.3474820913076018,
            "0.65": 0.5335622317596567,
            "0.7": 0.6922530206112296,
            "0.75": 0.7723599888548343,
            "0.8": 0.7816985645933014,
            "0.85": 0.7715170278637771,
            "0.9": 0.7408351928594198,
            "0.95": 0.6920529801324503
        }
    },
    "ch3": {
        "best_threshold": 0.8,
        "val_f1": 0.7971611721611722,
        "sweep": {
            "0.1": 0.08132034489567563,
            "0.15": 0.08184491667635868,
            "0.2": 0.08266047638272103,
            "0.25": 0.08359656461830041,
            "0.3": 0.08518880435541286,
            "0.35": 0.08764235565903225,
            "0.4": 0.09360046683524606,
            "0.45": 0.1088326268759308,
            "0.5": 0.24189748154353632,
            "0.55": 0.27935377178476023,
            "0.6": 0.3878753859107494,
            "0.65": 0.5549986076301866,
            "0.7": 0.6872262773722628,
            "0.75": 0.7671698915585796,
            "0.8": 0.7971611721611722,
            "0.85": 0.7853903079493912,
            "0.9": 0.7690423708057801,
            "0.95": 0.7274115551030796
        }
    },
    "ch4": {
        "best_threshold": 0.7,
        "val_f1": 0.7894245723172628,
        "sweep": {
            "0.1": 0.06283364833051494,
            "0.15": 0.06338559570721891,
            "0.2": 0.06378108946645644,
            "0.25": 0.06457275621719301,
            "0.3": 0.06584405540322014,
            "0.35": 0.06784542471746263,
            "0.4": 0.07282902126150269,
            "0.45": 0.08808618504435994,
            "0.5": 0.18866681309027014,
            "0.55": 0.32567678424938473,
            "0.6": 0.6094920899250624,
            "0.65": 0.7610619469026548,
            "0.7": 0.7894245723172628,
            "0.75": 0.7551086603957184,
            "0.8": 0.7279362972793629,
            "0.85": 0.6996946046827281,
            "0.9": 0.6675938803894298,
            "0.95": 0.6080639302579005
        }
    },
    "ch5": {
        "best_threshold": 0.75,
        "val_f1": 0.7640268456375839,
        "sweep": {
            "0.1": 0.07486217560844427,
            "0.15": 0.07590016366612111,
            "0.2": 0.0769030827080698,
            "0.25": 0.07826825728344367,
            "0.3": 0.0802514252302295,
            "0.35": 0.08325460329702111,
            "0.4": 0.09018691588785047,
            "0.45": 0.10119441787457387,
            "0.5": 0.2229489709613758,
            "0.55": 0.31153846153846154,
            "0.6": 0.5174513589781672,
            "0.65": 0.700938566552901,
            "0.7": 0.7584991186099219,
            "0.75": 0.7640268456375839,
            "0.8": 0.7410913140311804,
            "0.85": 0.7055109070034443,
            "0.9": 0.6809008482012284,
            "0.95": 0.6262564727383491
        }
    },
    "ch6": {
        "best_threshold": 0.7,
        "val_f1": 0.6747988580327018,
        "sweep": {
            "0.1": 0.0776880661677826,
            "0.15": 0.07807797876913919,
            "0.2": 0.0785994164235098,
            "0.25": 0.07915789473684211,
            "0.3": 0.0797115008420229,
            "0.35": 0.08016957623175418,
            "0.4": 0.08077822928210812,
            "0.45": 0.08031234606192188,
            "0.5": 0.08721139971139971,
            "0.55": 0.189065805589578,
            "0.6": 0.38699063528220706,
            "0.65": 0.59978563772776,
            "0.7": 0.6747988580327018,
            "0.75": 0.6725130172650041,
            "0.8": 0.645324347093513,
            "0.85": 0.6137931034482759,
            "0.9": 0.5721054190109565,
            "0.95": 0.517220172201722
        }
    },
    "ch7": {
        "best_threshold": 0.7,
        "val_f1": 0.5589984350547731,
        "sweep": {
            "0.1": 0.06909932824626622,
            "0.15": 0.0693041756011327,
            "0.2": 0.06948904147935912,
            "0.25": 0.06976397021015442,
            "0.3": 0.07017661449780489,
            "0.35": 0.07023439754230527,
            "0.4": 0.07049313975473105,
            "0.45": 0.07086529500322604,
            "0.5": 0.06651473598825756,
            "0.55": 0.13343521658149865,
            "0.6": 0.3257491675915649,
            "0.65": 0.5168024439918534,
            "0.7": 0.5589984350547731,
            "0.75": 0.5414033920851347,
            "0.8": 0.5067311011391095,
            "0.85": 0.4592857142857143,
            "0.9": 0.4076809453471196,
            "0.95": 0.3516819571865443
        }
    },
    "ch8": {
        "best_threshold": 0.7,
        "val_f1": 0.6295835922933499,
        "sweep": {
            "0.1": 0.06866770955546865,
            "0.15": 0.06880321626436124,
            "0.2": 0.06885913089142708,
            "0.25": 0.06904408122833086,
            "0.3": 0.0692054192603442,
            "0.35": 0.06922882852577579,
            "0.4": 0.0698295337851715,
            "0.45": 0.07133514793736082,
            "0.5": 0.06967337063360049,
            "0.55": 0.13033649247891488,
            "0.6": 0.34210171320652905,
            "0.65": 0.5683563748079877,
            "0.7": 0.6295835922933499,
            "0.75": 0.6133768352365416,
            "0.8": 0.5751765893037336,
            "0.85": 0.5327329407689643,
            "0.9": 0.47954055994257,
            "0.95": 0.4003021148036254
        }
    },
    "ch9": {
        "best_threshold": 0.7,
        "val_f1": 0.6946336148188504,
        "sweep": {
            "0.1": 0.07476788282986792,
            "0.15": 0.07517039280892956,
            "0.2": 0.07549108992954828,
            "0.25": 0.07613337575991024,
            "0.3": 0.07682532151752884,
            "0.35": 0.07764450792448933,
            "0.4": 0.07859016566609743,
            "0.45": 0.08044480809282951,
            "0.5": 0.09398669868834288,