{
    "ch0": {
        "precision": 0.9737609329446064,
        "recall": 0.45879120879120877,
        "f1-score": 0.6237161531279178,
        "support": 1456.0
    },
    "ch1": {
        "precision": 1.0,
        "recall": 0.108,
        "f1-score": 0.19494584837545126,
        "support": 1500.0
    },
    "ch2": {
        "precision": 1.0,
        "recall": 0.08292978208232446,
        "f1-score": 0.15315818893236444,
        "support": 1652.0
    },
    "ch3": {
        "precision": 1.0,
        "recall": 0.0017942583732057417,
        "f1-score": 0.003582089552238806,
        "support": 1672.0
    },
    "ch4": {
        "precision": 0.9691516709511568,
        "recall": 0.5077441077441077,
        "f1-score": 0.6663720724701724,
        "support": 1485.0
    },
    "ch5": {
        "precision": 0.9879032258064516,
        "recall": 0.4298245614035088,
        "f1-score": 0.5990220048899756,
        "support": 1710.0
    },
    "ch6": {
        "precision": 0.998015873015873,
        "recall": 0.2458455522971652,
        "f1-score": 0.39450980392156865,
        "support": 2046.0
    },
    "ch7": {
        "precision": 1.0,
        "recall": 0.26814404432132966,
        "f1-score": 0.4228920926168633,
        "support": 1805.0
    },
    "ch8": {
        "precision": 1.0,
        "recall": 0.3047520661157025,
        "f1-score": 0.4671417260490895,
        "support": 1936.0
    },
    "ch9": {
        "precision": 1.0,
        "recall": 0.08607594936708861,
        "f1-score": 0.1585081585081585,
        "support": 1975.0
    },
    "ch10": {
        "precision": 1.0,
        "recall": 0.12435824301197947,
        "f1-score": 0.22120750887874174,
        "support": 1753.0
    },
    "ch11": {
        "precision": 0.9973821989528796,
        "recall": 0.19136112506278252,
        "f1-score": 0.3211125158027813,
        "support": 1991.0
    },
    "ch12": {
        "precision": 0.9970559371933267,
        "recall": 0.47587822014051523,
        "f1-score": 0.6442612555485099,
        "support": 2135.0
    },
    "ch13": {
        "precision": 1.0,
        "recall": 0.4539363484087102,
        "f1-score": 0.6244239631336406,
        "support": 1791.0
    },
    "ch14": {
        "precision": 1.0,
        "recall": 0.5415212840195395,
        "f1-score": 0.7025803531009507,
        "support": 1433.0
    },
    "micro avg": {
        "precision": 0.9924993302973479,
        "recall": 0.28132118451025057,
        "f1-score": 0.4383837188664734,
        "support": 26340.0
    },
    "macro avg": {
        "precision": 0.9948846559242863,
        "recall": 0.2853971167426112,
        "f1-score": 0.4131622489938949,
        "support": 26340.0
    },
    "weighted avg": {
        "precision": 0.9954344542927965,
        "recall": 0.28132118451025057,
        "f1-score": 0.40960987230890544,
        "support": 26340.0
    },
    "samples avg": {
        "precision": 0.11667138975478837,
        "recall": 0.10015308362088604,
        "f1-score": 0.10546250939656399,
        "support": 26340.0
    }
}