{
    "ch0": {
        "precision": 0.9736625514403292,
        "recall": 0.8125,
        "f1-score": 0.8858105578435043,
        "support": 1456.0
    },
    "ch1": {
        "precision": 0.9869812855980472,
        "recall": 0.8086666666666666,
        "f1-score": 0.8889703187980945,
        "support": 1500.0
    },
    "ch2": {
        "precision": 0.9985152190051967,
        "recall": 0.8141646489104116,
        "f1-score": 0.8969656552184061,
        "support": 1652.0
    },
    "ch3": {
        "precision": 0.9912600145666424,
        "recall": 0.8139952153110048,
        "f1-score": 0.8939244663382594,
        "support": 1672.0
    },
    "ch4": {
        "precision": 0.9868012422360248,
        "recall": 0.8558922558922559,
        "f1-score": 0.9166967183555715,
        "support": 1485.0
    },
    "ch5": {
        "precision": 0.99002849002849,
        "recall": 0.8128654970760234,
        "f1-score": 0.892742453436095,
        "support": 1710.0
    },
    "ch6": {
        "precision": 0.9979647218453188,
        "recall": 0.7189638318670577,
        "f1-score": 0.8357954545454546,
        "support": 2046.0
    },
    "ch7": {
        "precision": 0.9785977859778597,
        "recall": 0.7346260387811634,
        "f1-score": 0.839240506329114,
        "support": 1805.0
    },
    "ch8": {
        "precision": 0.999244142101285,
        "recall": 0.6828512396694215,
        "f1-score": 0.8112918073028537,
        "support": 1936.0
    },
    "ch9": {
        "precision": 0.9988662131519275,
        "recall": 0.4460759493670886,
        "f1-score": 0.6167308365418271,
        "support": 1975.0
    },
    "ch10": {
        "precision": 0.9794238683127572,
        "recall": 0.40730176839703364,
        "f1-score": 0.5753424657534246,
        "support": 1753.0
    },
    "ch11": {
        "precision": 0.9988571428571429,
        "recall": 0.4389753892516323,
        "f1-score": 0.6099092812281927,
        "support": 1991.0
    },
    "ch12": {
        "precision": 0.9960845732184808,
        "recall": 0.5957845433255269,
        "f1-score": 0.7456037514654161,
        "support": 2135.0
    },
    "ch13": {
        "precision": 0.9950083194675541,
        "recall": 0.6677833612506979,
        "f1-score": 0.799198128967591,
        "support": 1791.0
    },
    "ch14": {
        "precision": 0.9734513274336283,
        "recall": 0.6140963014654571,
        "f1-score": 0.753102267864784,
        "support": 1433.0
    },
    "micro avg": {
        "precision": 0.9900430721038206,
        "recall": 0.6719438116932422,
        "f1-score": 0.8005518239591107,
        "support": 26340.0
    },
    "macro avg": {
        "precision": 0.989649793149379,
        "recall": 0.6816361804820961,
        "f1-score": 0.7974216446659059,
        "support": 26340.0
    },
    "weighted avg": {
        "precision": 0.9904411592849351,
        "recall": 0.6719438116932422,
        "f1-score": 0.790676079245362,
        "support": 26340.0
    },
    "samples avg": {
        "precision": 0.27204709752343487,
        "recall": 0.24853584268226953,
        "f1-score": 0.2561020314041701,
        "support": 26340.0
    },
    "hamming_score": 0.9901993143187362,
    "exact_match_accuracy": 0.8648585574021904,
    "optimal_thresholds": [
        0.5,
        0.5,
        0.5,
        0.5,
        0.5,
        0.5,
        0.5,
        0.5,
        0.5,
        0.5,
        0.5,
        0.5,
        0.5,
        0.5,
        0.5
    ]
}