{
    "ch0": {
        "precision": 0.9752475247524752,
        "recall": 0.8118131868131868,
        "f1-score": 0.8860569715142429,
        "support": 1456.0
    },
    "ch1": {
        "precision": 0.9862348178137652,
        "recall": 0.812,
        "f1-score": 0.8906764168190128,
        "support": 1500.0
    },
    "ch2": {
        "precision": 0.9921146953405018,
        "recall": 0.837772397094431,
        "f1-score": 0.9084345257630456,
        "support": 1652.0
    },
    "ch3": {
        "precision": 0.9836182336182336,
        "recall": 0.8259569377990431,
        "f1-score": 0.8979193758127438,
        "support": 1672.0
    },
    "ch4": {
        "precision": 0.9860356865787432,
        "recall": 0.8558922558922559,
        "f1-score": 0.916366258111031,
        "support": 1485.0
    },
    "ch5": {
        "precision": 0.9741847826086957,
        "recall": 0.8385964912280702,
        "f1-score": 0.9013199245757385,
        "support": 1710.0
    },
    "ch6": {
        "precision": 0.9894932014833128,
        "recall": 0.7825024437927663,
        "f1-score": 0.8739082969432315,
        "support": 2046.0
    },
    "ch7": {
        "precision": 0.9583608724388631,
        "recall": 0.8033240997229917,
        "f1-score": 0.8740204942736588,
        "support": 1805.0
    },
    "ch8": {
        "precision": 0.9966420416386836,
        "recall": 0.7665289256198347,
        "f1-score": 0.8665693430656934,
        "support": 1936.0
    },
    "ch9": {
        "precision": 0.9931640625,
        "recall": 0.5149367088607595,
        "f1-score": 0.6782260753584528,
        "support": 1975.0
    },
    "ch10": {
        "precision": 0.9272326350606395,
        "recall": 0.479749001711352,
        "f1-score": 0.6323308270676692,
        "support": 1753.0
    },
    "ch11": {
        "precision": 0.9917355371900827,
        "recall": 0.48216976393771976,
        "f1-score": 0.6488678607637716,
        "support": 1991.0
    },
    "ch12": {
        "precision": 0.9938128383604021,
        "recall": 0.6018735362997658,
        "f1-score": 0.749708284714119,
        "support": 2135.0
    },
    "ch13": {
        "precision": 0.9926229508196721,
        "recall": 0.6761585706309324,
        "f1-score": 0.8043839256061109,
        "support": 1791.0
    },
    "ch14": {
        "precision": 0.9644396551724138,
        "recall": 0.6245638520586183,
        "f1-score": 0.7581533248623464,
        "support": 1433.0
    },
    "micro avg": {
        "precision": 0.9813887277903728,
        "recall": 0.7066818526955201,
        "f1-score": 0.821683183614011,
        "support": 26340.0
    },
    "macro avg": {
        "precision": 0.9803293023584323,
        "recall": 0.7142558780974485,
        "f1-score": 0.819129460350058,
        "support": 26340.0
    },
    "weighted avg": {
        "precision": 0.9810160077610501,
        "recall": 0.7066818526955201,
        "f1-score": 0.8140133656603367,
        "support": 26340.0
    },
    "samples avg": {
        "precision": 0.28038612634538557,
        "recall": 0.26003239482794066,
        "f1-score": 0.2664138425377986,
        "support": 26340.0
    },
    "hamming_score": 0.99102168730934,
    "exact_match_accuracy": 0.8758772441614296,
    "optimal_thresholds": [
        0.5050632911392405,
        0.47468354430379744,
        0.28227848101265823,
        0.3531645569620253,
        0.49493670886075947,
        0.28227848101265823,
        0.1,
        0.1,
        0.1,
        0.1,
        0.1,
        0.1,
        0.15063291139240506,
        0.1,
        0.2518987341772152
    ]
}