{
    "ch0": {
        "precision": 0.9676348547717842,
        "recall": 0.510061242344707,
        "f1-score": 0.6680034374104841,
        "support": 2286.0
    },
    "ch1": {
        "precision": 1.0,
        "recall": 0.11759656652360514,
        "f1-score": 0.21044546850998463,
        "support": 2330.0
    },
    "ch2": {
        "precision": 1.0,
        "recall": 0.11347792408985283,
        "f1-score": 0.20382608695652174,
        "support": 2582.0
    },
    "ch3": {
        "precision": 1.0,
        "recall": 0.0011411182959300114,
        "f1-score": 0.0022796352583586625,
        "support": 2629.0
    },
    "ch4": {
        "precision": 0.9715568862275449,
        "recall": 0.5495342929720576,
        "f1-score": 0.7020010816657652,
        "support": 2362.0
    },
    "ch5": {
        "precision": 0.9831876260928043,
        "recall": 0.540680473372781,
        "f1-score": 0.6976855165831544,
        "support": 2704.0
    },
    "ch6": {
        "precision": 0.9989561586638831,
        "recall": 0.3115234375,
        "f1-score": 0.4749379652605459,
        "support": 3072.0
    },
    "ch7": {
        "precision": 1.0,
        "recall": 0.333210332103321,
        "f1-score": 0.49986161084970937,
        "support": 2710.0
    },
    "ch8": {
        "precision": 1.0,
        "recall": 0.33949111188567443,
        "f1-score": 0.5068956544366381,
        "support": 2869.0
    },
    "ch9": {
        "precision": 1.0,
        "recall": 0.0988391376451078,
        "f1-score": 0.17989737398128586,
        "support": 3015.0
    },
    "ch10": {
        "precision": 1.0,
        "recall": 0.14660083554880365,
        "f1-score": 0.25571381252070224,
        "support": 2633.0
    },
    "ch11": {
        "precision": 0.9985422740524781,
        "recall": 0.23025210084033612,
        "f1-score": 0.3742146954384048,
        "support": 2975.0
    },
    "ch12": {
        "precision": 0.9987035436473639,
        "recall": 0.729943145925458,
        "f1-score": 0.8434306569343065,
        "support": 3166.0
    },
    "ch13": {
        "precision": 1.0,
        "recall": 0.5887640449438202,
        "f1-score": 0.7411598302687411,
        "support": 2670.0
    },
    "ch14": {
        "precision": 1.0,
        "recall": 0.6706976744186046,
        "f1-score": 0.8028953229398663,
        "support": 2150.0
    },
    "micro avg": {
        "precision": 0.9924279951878848,
        "recall": 0.34926406495156026,
        "f1-score": 0.5166900007368653,
        "support": 40153.0
    },
    "macro avg": {
        "precision": 0.994572089563724,
        "recall": 0.35212089589400397,
        "f1-score": 0.47754987660096465,
        "support": 40153.0
    },
    "weighted avg": {
        "precision": 0.9950619377914932,
        "recall": 0.34926406495156026,
        "f1-score": 0.47484992546021243,
        "support": 40153.0
    },
    "samples avg": {
        "precision": 0.20974357264330254,
        "recall": 0.17137394822546043,
        "f1-score": 0.1834785453078827,
        "support": 40153.0
    }
}