{
    "ch0": {
        "precision": 0.9465648854961832,
        "recall": 0.5964724746125066,
        "f1-score": 0.7318032786885246,
        "support": 1871.0
    },
    "ch1": {
        "precision": 0.9813519813519813,
        "recall": 0.6595300261096606,
        "f1-score": 0.7888819487820112,
        "support": 1915.0
    },
    "ch2": {
        "precision": 1.0,
        "recall": 0.07605101558809636,
        "f1-score": 0.14135206321334504,
        "support": 2117.0
    },
    "ch3": {
        "precision": 0.996802557953637,
        "recall": 0.5794609665427509,
        "f1-score": 0.7328827505142521,
        "support": 2152.0
    },
    "ch4": {
        "precision": 0.8444444444444444,
        "recall": 0.07887908666320706,
        "f1-score": 0.14428096820123398,
        "support": 1927.0
    },
    "ch5": {
        "precision": 0.9833860759493671,
        "recall": 0.5626980534178361,
        "f1-score": 0.7158076590843651,
        "support": 2209.0
    },
    "ch6": {
        "precision": 0.9984984984984985,
        "recall": 0.25966419367434596,
        "f1-score": 0.4121475054229935,
        "support": 2561.0
    },
    "ch7": {
        "precision": 1.0,
        "recall": 0.26371681415929205,
        "f1-score": 0.4173669467787115,
        "support": 2260.0
    },
    "ch8": {
        "precision": 1.0,
        "recall": 0.28369384359401,
        "f1-score": 0.4419961114711601,
        "support": 2404.0
    },
    "ch9": {
        "precision": 1.0,
        "recall": 0.0905811623246493,
        "f1-score": 0.1661153987504594,
        "support": 2495.0
    },
    "ch10": {
        "precision": 1.0,
        "recall": 0.1392174704276615,
        "f1-score": 0.24440894568690097,
        "support": 2198.0
    },
    "ch11": {
        "precision": 0.998211091234347,
        "recall": 0.22454728370221327,
        "f1-score": 0.36662286465177396,
        "support": 2485.0
    },
    "ch12": {
        "precision": 0.9984375,
        "recall": 0.7231233496793663,
        "f1-score": 0.838766134325093,
        "support": 2651.0
    },
    "ch13": {
        "precision": 0.9972329828444937,
        "recall": 0.8077095472882115,
        "f1-score": 0.8925210500247648,
        "support": 2231.0
    },
    "ch14": {
        "precision": 1.0,
        "recall": 0.6315496098104794,
        "f1-score": 0.7741715066621114,
        "support": 1794.0
    },
    "micro avg": {
        "precision": 0.9886509797987441,
        "recall": 0.39275623685001504,
        "f1-score": 0.5621786736076753,
        "support": 33270.0
    },
    "macro avg": {
        "precision": 0.9829953345181969,
        "recall": 0.3984596598396191,
        "f1-score": 0.5206083421505133,
        "support": 33270.0
    },
    "weighted avg": {
        "precision": 0.9850426555330114,
        "recall": 0.39275623685001504,
        "f1-score": 0.5152767926003562,
        "support": 33270.0
    },
    "samples avg": {
        "precision": 0.19572997243709434,
        "recall": 0.1672390415221837,
        "f1-score": 0.17634424735485016,
        "support": 33270.0
    }
}