{
    "ch0": {
        "precision": 0.7733644859813084,
        "recall": 0.7076429716729022,
        "f1-score": 0.7390454926039631,
        "support": 1871.0
    },
    "ch1": {
        "precision": 0.7609038360483448,
        "recall": 0.7561357702349869,
        "f1-score": 0.7585123101100052,
        "support": 1915.0
    },
    "ch2": {
        "precision": 0.8663396689147762,
        "recall": 0.6674539442607463,
        "f1-score": 0.7540021344717183,
        "support": 2117.0
    },
    "ch3": {
        "precision": 0.8479564032697547,
        "recall": 0.7230483271375465,
        "f1-score": 0.7805367444193629,
        "support": 2152.0
    },
    "ch4": {
        "precision": 0.9195241427571729,
        "recall": 0.68188894654904,
        "f1-score": 0.7830750893921334,
        "support": 1927.0
    },
    "ch5": {
        "precision": 0.909358446144791,
        "recall": 0.6994114984155727,
        "f1-score": 0.7906857727737974,
        "support": 2209.0
    },
    "ch6": {
        "precision": 0.9560025141420491,
        "recall": 0.5939086294416244,
        "f1-score": 0.7326589595375722,
        "support": 2561.0
    },
    "ch7": {
        "precision": 0.9278350515463918,
        "recall": 0.5973451327433629,
        "f1-score": 0.7267833109017496,
        "support": 2260.0
    },
    "ch8": {
        "precision": 0.9615384615384616,
        "recall": 0.5719633943427621,
        "f1-score": 0.7172665623369848,
        "support": 2404.0
    },
    "ch9": {
        "precision": 0.9366244162775184,
        "recall": 0.5627254509018036,
        "f1-score": 0.7030545818728092,
        "support": 2495.0
    },
    "ch10": {
        "precision": 0.9596375617792422,
        "recall": 0.5300272975432211,
        "f1-score": 0.6828839390386869,
        "support": 2198.0
    },
    "ch11": {
        "precision": 0.9341590612777053,
        "recall": 0.5766599597585513,
        "f1-score": 0.7131127146056233,
        "support": 2485.0
    },
    "ch12": {
        "precision": 0.9961894393032118,
        "recall": 0.6903055450773293,
        "f1-score": 0.8155080213903744,
        "support": 2651.0
    },
    "ch13": {
        "precision": 1.0,
        "recall": 0.7610936799641417,
        "f1-score": 0.8643420717739883,
        "support": 2231.0
    },
    "ch14": {
        "precision": 0.9700460829493087,
        "recall": 0.7040133779264214,
        "f1-score": 0.8158914728682171,
        "support": 1794.0
    },
    "micro avg": {
        "precision": 0.9103874794900921,
        "recall": 0.6504057709648332,
        "f1-score": 0.7587440172513543,
        "support": 33270.0
    },
    "macro avg": {
        "precision": 0.9146319714620025,
        "recall": 0.654908261731334,
        "f1-score": 0.7584906118731324,
        "support": 33270.0
    },
    "weighted avg": {
        "precision": 0.9191496972856286,
        "recall": 0.6504057709648332,
        "f1-score": 0.7571741945028979,
        "support": 33270.0
    },
    "samples avg": {
        "precision": 0.6881553300298936,
        "recall": 0.6490164506867385,
        "f1-score": 0.6555083895523874,
        "support": 33270.0
    }
}