{
    "ch0": {
        "precision": 0.663312693498452,
        "recall": 0.5885989010989011,
        "f1-score": 0.62372634643377,
        "support": 1456.0
    },
    "ch1": {
        "precision": 0.7409448818897638,
        "recall": 0.6273333333333333,
        "f1-score": 0.6794223826714801,
        "support": 1500.0
    },
    "ch2": {
        "precision": 0.8271604938271605,
        "recall": 0.5677966101694916,
        "f1-score": 0.6733668341708543,
        "support": 1652.0
    },
    "ch3": {
        "precision": 0.7982594936708861,
        "recall": 0.6034688995215312,
        "f1-score": 0.6873297002724795,
        "support": 1672.0
    },
    "ch4": {
        "precision": 0.937636761487965,
        "recall": 0.5771043771043771,
        "f1-score": 0.7144643601500625,
        "support": 1485.0
    },
    "ch5": {
        "precision": 0.8829694323144105,
        "recall": 0.5912280701754385,
        "f1-score": 0.708231173380035,
        "support": 1710.0
    },
    "ch6": {
        "precision": 0.9846153846153847,
        "recall": 0.43792766373411535,
        "f1-score": 0.6062246278755075,
        "support": 2046.0
    },
    "ch7": {
        "precision": 0.9842233009708737,
        "recall": 0.44930747922437675,
        "f1-score": 0.6169646253328261,
        "support": 1805.0
    },
    "ch8": {
        "precision": 0.9849624060150376,
        "recall": 0.4059917355371901,
        "f1-score": 0.5749817117776153,
        "support": 1936.0
    },
    "ch9": {
        "precision": 0.9976359338061466,
        "recall": 0.4273417721518987,
        "f1-score": 0.598369372562921,
        "support": 1975.0
    },
    "ch10": {
        "precision": 0.9929378531073446,
        "recall": 0.40102681118083283,
        "f1-score": 0.5713124746038196,
        "support": 1753.0
    },
    "ch11": {
        "precision": 0.9875,
        "recall": 0.43646408839779005,
        "f1-score": 0.6053639846743295,
        "support": 1991.0
    },
    "ch12": {
        "precision": 0.9976580796252927,
        "recall": 0.5985948477751757,
        "f1-score": 0.7482435597189696,
        "support": 2135.0
    },
    "ch13": {
        "precision": 0.9982993197278912,
        "recall": 0.655499720826354,
        "f1-score": 0.7913717559824739,
        "support": 1791.0
    },
    "ch14": {
        "precision": 0.9856353591160221,
        "recall": 0.6224703419399861,
        "f1-score": 0.7630453378956373,
        "support": 1433.0
    },
    "micro avg": {
        "precision": 0.9034990551899394,
        "recall": 0.5264236902050113,
        "f1-score": 0.6652433612397151,
        "support": 26340.0
    },
    "macro avg": {
        "precision": 0.9175834262448421,
        "recall": 0.5326769768113863,
        "f1-score": 0.6641612165001854,
        "support": 26340.0
    },
    "weighted avg": {
        "precision": 0.925816035083018,
        "recall": 0.5264236902050113,
        "f1-score": 0.6615388524081908,
        "support": 26340.0
    },
    "samples avg": {
        "precision": 0.20492618091094478,
        "recall": 0.18800946840254046,
        "f1-score": 0.19297466440275957,
        "support": 26340.0
    }
}