{
    "ch0": {
        "precision": 0.6877168632893824,
        "recall": 0.6806318681318682,
        "f1-score": 0.6841560234725578,
        "support": 1456.0
    },
    "ch1": {
        "precision": 0.7864302235929067,
        "recall": 0.68,
        "f1-score": 0.7293528780836611,
        "support": 1500.0
    },
    "ch2": {
        "precision": 0.7287128712871287,
        "recall": 0.6682808716707022,
        "f1-score": 0.6971897694979475,
        "support": 1652.0
    },
    "ch3": {
        "precision": 0.6872498570611778,
        "recall": 0.7188995215311005,
        "f1-score": 0.7027185033615901,
        "support": 1672.0
    },
    "ch4": {
        "precision": 0.7950635751682872,
        "recall": 0.7158249158249158,
        "f1-score": 0.7533664068036854,
        "support": 1485.0
    },
    "ch5": {
        "precision": 0.7711864406779662,
        "recall": 0.691812865497076,
        "f1-score": 0.7293464858199753,
        "support": 1710.0
    },
    "ch6": {
        "precision": 0.96,
        "recall": 0.5043988269794721,
        "f1-score": 0.6613264979173342,
        "support": 2046.0
    },
    "ch7": {
        "precision": 0.9478957915831663,
        "recall": 0.5240997229916897,
        "f1-score": 0.6749910809846593,
        "support": 1805.0
    },
    "ch8": {
        "precision": 0.9593908629441624,
        "recall": 0.4881198347107438,
        "f1-score": 0.6470386853817186,
        "support": 1936.0
    },
    "ch9": {
        "precision": 0.9393115942028986,
        "recall": 0.5250632911392406,
        "f1-score": 0.6735953231568691,
        "support": 1975.0
    },
    "ch10": {
        "precision": 0.9986945169712794,
        "recall": 0.43639475185396465,
        "f1-score": 0.6073838824930528,
        "support": 1753.0
    },
    "ch11": {
        "precision": 0.991869918699187,
        "recall": 0.49020592667001506,
        "f1-score": 0.6561344537815126,
        "support": 1991.0
    },
    "ch12": {
        "precision": 0.9984411535463756,
        "recall": 0.6,
        "f1-score": 0.7495611468695144,
        "support": 2135.0
    },
    "ch13": {
        "precision": 1.0,
        "recall": 0.6560580681183696,
        "f1-score": 0.7923128792987189,
        "support": 1791.0
    },
    "ch14": {
        "precision": 0.9988801791713325,
        "recall": 0.6224703419399861,
        "f1-score": 0.766981943250215,
        "support": 1433.0
    },
    "micro avg": {
        "precision": 0.860829289810322,
        "recall": 0.5927107061503417,
        "f1-score": 0.7020415504991456,
        "support": 26340.0
    },
    "macro avg": {
        "precision": 0.8833895898796833,
        "recall": 0.6001507204706097,
        "f1-score": 0.701697064011534,
        "support": 26340.0
    },
    "weighted avg": {
        "precision": 0.892198155063347,
        "recall": 0.5927107061503417,
        "f1-score": 0.69957417185253,
        "support": 26340.0
    },
    "samples avg": {
        "precision": 0.6297148350455634,
        "recall": 0.5945242968338139,
        "f1-score": 0.5989798608065423,
        "support": 26340.0
    }
}