{
    "ch0": {
        "precision": 0.40428211586901763,
        "recall": 0.6614010989010989,
        "f1-score": 0.501823866597186,
        "support": 1456.0
    },
    "ch1": {
        "precision": 0.4517426273458445,
        "recall": 0.674,
        "f1-score": 0.5409309791332263,
        "support": 1500.0
    },
    "ch2": {
        "precision": 0.5224191866527633,
        "recall": 0.6065375302663438,
        "f1-score": 0.561344537815126,
        "support": 1652.0
    },
    "ch3": {
        "precision": 0.5109251510925151,
        "recall": 0.6572966507177034,
        "f1-score": 0.5749411456970965,
        "support": 1672.0
    },
    "ch4": {
        "precision": 0.7611821086261981,
        "recall": 0.6417508417508417,
        "f1-score": 0.6963829009864816,
        "support": 1485.0
    },
    "ch5": {
        "precision": 0.6111111111111112,
        "recall": 0.6304093567251462,
        "f1-score": 0.6206102475532528,
        "support": 1710.0
    },
    "ch6": {
        "precision": 0.8633217993079585,
        "recall": 0.48778103616813295,
        "f1-score": 0.6233603997501561,
        "support": 2046.0
    },
    "ch7": {
        "precision": 0.8319783197831978,
        "recall": 0.5102493074792244,
        "f1-score": 0.632554945054945,
        "support": 1805.0
    },
    "ch8": {
        "precision": 0.83963133640553,
        "recall": 0.4705578512396694,
        "f1-score": 0.6031115524660708,
        "support": 1936.0
    },
    "ch9": {
        "precision": 0.8806509945750453,
        "recall": 0.4931645569620253,
        "f1-score": 0.6322622525154171,
        "support": 1975.0
    },
    "ch10": {
        "precision": 0.9380733944954128,
        "recall": 0.46662863662293214,
        "f1-score": 0.6232380952380953,
        "support": 1753.0
    },
    "ch11": {
        "precision": 0.9198508853681268,
        "recall": 0.4957307885484681,
        "f1-score": 0.6442558746736292,
        "support": 1991.0
    },
    "ch12": {
        "precision": 0.9922839506172839,
        "recall": 0.6023419203747072,
        "f1-score": 0.7496356747303993,
        "support": 2135.0
    },
    "ch13": {
        "precision": 0.996607294317218,
        "recall": 0.6560580681183696,
        "f1-score": 0.7912457912457912,
        "support": 1791.0
    },
    "ch14": {
        "precision": 0.9717083786724701,
        "recall": 0.6231681786461968,
        "f1-score": 0.7593537414965986,
        "support": 1433.0
    },
    "micro avg": {
        "precision": 0.7009489254814402,
        "recall": 0.5720956719817768,
        "f1-score": 0.6300012542330365,
        "support": 26340.0
    },
    "macro avg": {
        "precision": 0.766384576949313,
        "recall": 0.5784717215013906,
        "f1-score": 0.6370034669968981,
        "support": 26340.0
    },
    "weighted avg": {
        "precision": 0.7806974377682866,
        "recall": 0.5720956719817768,
        "f1-score": 0.639353189312473,
        "support": 26340.0
    },
    "samples avg": {
        "precision": 0.2162689350190392,
        "recall": 0.20459306428400764,
        "f1-score": 0.20600354774036614,
        "support": 26340.0
    }
}