{
    "ch0": {
        "precision": 0.6782511210762332,
        "recall": 0.5811719500480308,
        "f1-score": 0.6259699948266942,
        "support": 1041.0
    },
    "ch1": {
        "precision": 0.6936736958934517,
        "recall": 0.577100646352724,
        "f1-score": 0.6300403225806451,
        "support": 1083.0
    },
    "ch2": {
        "precision": 0.7995018679950187,
        "recall": 0.5426880811496196,
        "f1-score": 0.6465256797583081,
        "support": 1183.0
    },
    "ch3": {
        "precision": 0.8049605411499436,
        "recall": 0.6,
        "f1-score": 0.6875300914780934,
        "support": 1190.0
    },
    "ch4": {
        "precision": 0.8861538461538462,
        "recall": 0.5565217391304348,
        "f1-score": 0.6836795252225519,
        "support": 1035.0
    },
    "ch5": {
        "precision": 0.8376168224299065,
        "recall": 0.5945273631840796,
        "f1-score": 0.6954413191076625,
        "support": 1206.0
    },
    "ch6": {
        "precision": 0.9495652173913044,
        "recall": 0.356629653821032,
        "f1-score": 0.5185185185185185,
        "support": 1531.0
    },
    "ch7": {
        "precision": 0.9112318840579711,
        "recall": 0.37397769516728624,
        "f1-score": 0.5303110173958883,
        "support": 1345.0
    },
    "ch8": {
        "precision": 0.9702970297029703,
        "recall": 0.33424283765347884,
        "f1-score": 0.4972095383054287,
        "support": 1466.0
    },
    "ch9": {
        "precision": 0.9767441860465116,
        "recall": 0.31752577319587627,
        "f1-score": 0.47925311203319504,
        "support": 1455.0
    },
    "ch10": {
        "precision": 0.9594202898550724,
        "recall": 0.2540291634689179,
        "f1-score": 0.4016990291262136,
        "support": 1303.0
    },
    "ch11": {
        "precision": 0.9330143540669856,
        "recall": 0.2606951871657754,
        "f1-score": 0.40752351097178685,
        "support": 1496.0
    },
    "ch12": {
        "precision": 0.9906166219839142,
        "recall": 0.45758513931888545,
        "f1-score": 0.6260059296908089,
        "support": 1615.0
    },
    "ch13": {
        "precision": 0.9971264367816092,
        "recall": 0.5148367952522255,
        "f1-score": 0.6790606653620352,
        "support": 1348.0
    },
    "ch14": {
        "precision": 0.9711711711711711,
        "recall": 0.5046816479400749,
        "f1-score": 0.6642020948860136,
        "support": 1068.0
    },
    "micro avg": {
        "precision": 0.8700020296326365,
        "recall": 0.44270591272915055,
        "f1-score": 0.5868099524282145,
        "support": 19365.0
    },
    "macro avg": {
        "precision": 0.8906230057170608,
        "recall": 0.4550809115232293,
        "f1-score": 0.5848646899509229,
        "support": 19365.0
    },
    "weighted avg": {
        "precision": 0.9005145145214201,
        "recall": 0.44270591272915055,
        "f1-score": 0.57657797525986,
        "support": 19365.0
    },
    "samples avg": {
        "precision": 0.4663810492487051,
        "recall": 0.441590881895417,
        "f1-score": 0.4452510584226511,
        "support": 19365.0
    }
}