{
    "ch0": {
        "precision": 0.7615457115928369,
        "recall": 0.7069116360454943,
        "f1-score": 0.7332123411978222,
        "support": 2286.0
    },
    "ch1": {
        "precision": 0.781523642732049,
        "recall": 0.7660944206008584,
        "f1-score": 0.7737321196358907,
        "support": 2330.0
    },
    "ch2": {
        "precision": 0.8774126238914971,
        "recall": 0.65143299767622,
        "f1-score": 0.7477217159368749,
        "support": 2582.0
    },
    "ch3": {
        "precision": 0.8370239149689991,
        "recall": 0.7189045264359072,
        "f1-score": 0.7734806629834254,
        "support": 2629.0
    },
    "ch4": {
        "precision": 0.9375,
        "recall": 0.6731583403895004,
        "f1-score": 0.783637259733859,
        "support": 2362.0
    },
    "ch5": {
        "precision": 0.9166666666666666,
        "recall": 0.6956360946745562,
        "f1-score": 0.7910008410428931,
        "support": 2704.0
    },
    "ch6": {
        "precision": 0.9458788480635552,
        "recall": 0.6201171875,
        "f1-score": 0.7491152182461659,
        "support": 3072.0
    },
    "ch7": {
        "precision": 0.9254385964912281,
        "recall": 0.6228782287822878,
        "f1-score": 0.7445963828848698,
        "support": 2710.0
    },
    "ch8": {
        "precision": 0.9533851276359601,
        "recall": 0.5988149180899268,
        "f1-score": 0.7356026546777992,
        "support": 2869.0
    },
    "ch9": {
        "precision": 0.9547557840616967,
        "recall": 0.6159203980099502,
        "f1-score": 0.7487903225806452,
        "support": 3015.0
    },
    "ch10": {
        "precision": 0.9730913642052565,
        "recall": 0.5905810862134447,
        "f1-score": 0.7350508154100686,
        "support": 2633.0
    },
    "ch11": {
        "precision": 0.9694932781799379,
        "recall": 0.6302521008403361,
        "f1-score": 0.7639030352413934,
        "support": 2975.0
    },
    "ch12": {
        "precision": 0.9978108581436077,
        "recall": 0.7198357548957676,
        "f1-score": 0.8363302752293578,
        "support": 3166.0
    },
    "ch13": {
        "precision": 1.0,
        "recall": 0.802621722846442,
        "f1-score": 0.890504882609599,
        "support": 2670.0
    },
    "ch14": {
        "precision": 0.9663402692778458,
        "recall": 0.7344186046511628,
        "f1-score": 0.8345665961945031,
        "support": 2150.0
    },
    "micro avg": {
        "precision": 0.9164943911614193,
        "recall": 0.6734988668343586,
        "f1-score": 0.776428366350847,
        "support": 40153.0
    },
    "macro avg": {
        "precision": 0.9198577790607423,
        "recall": 0.6765052011767902,
        "f1-score": 0.7760830082403445,
        "support": 40153.0
    },
    "weighted avg": {
        "precision": 0.9240037450880071,
        "recall": 0.6734988668343586,
        "f1-score": 0.7757280414772227,
        "support": 40153.0
    },
    "samples avg": {
        "precision": 0.7217452722330647,
        "recall": 0.673317101762929,
        "f1-score": 0.6826681165971711,
        "support": 40153.0
    }
}