{
    "ch0": {
        "precision": 0.7024070021881839,
        "recall": 0.6614010989010989,
        "f1-score": 0.6812875840113194,
        "support": 1456.0
    },
    "ch1": {
        "precision": 0.707983193277311,
        "recall": 0.674,
        "f1-score": 0.6905737704918032,
        "support": 1500.0
    },
    "ch2": {
        "precision": 0.789598108747045,
        "recall": 0.6065375302663438,
        "f1-score": 0.686066415611092,
        "support": 1652.0
    },
    "ch3": {
        "precision": 0.7912167026637869,
        "recall": 0.6572966507177034,
        "f1-score": 0.7180659915060438,
        "support": 1672.0
    },
    "ch4": {
        "precision": 0.9024621212121212,
        "recall": 0.6417508417508417,
        "f1-score": 0.7500983864620229,
        "support": 1485.0
    },
    "ch5": {
        "precision": 0.8454901960784313,
        "recall": 0.6304093567251462,
        "f1-score": 0.7222780569514238,
        "support": 1710.0
    },
    "ch6": {
        "precision": 0.9541108986615678,
        "recall": 0.48778103616813295,
        "f1-score": 0.6455368693402329,
        "support": 2046.0
    },
    "ch7": {
        "precision": 0.9200799200799201,
        "recall": 0.5102493074792244,
        "f1-score": 0.6564504632929437,
        "support": 1805.0
    },
    "ch8": {
        "precision": 0.9569327731092437,
        "recall": 0.4705578512396694,
        "f1-score": 0.6308864265927978,
        "support": 1936.0
    },
    "ch9": {
        "precision": 0.9681908548707754,
        "recall": 0.4931645569620253,
        "f1-score": 0.6534719892653472,
        "support": 1975.0
    },
    "ch10": {
        "precision": 0.966903073286052,
        "recall": 0.46662863662293214,
        "f1-score": 0.6294728741823779,
        "support": 1753.0
    },
    "ch11": {
        "precision": 0.9536231884057971,
        "recall": 0.4957307885484681,
        "f1-score": 0.6523463317911434,
        "support": 1991.0
    },
    "ch12": {
        "precision": 0.993050193050193,
        "recall": 0.6023419203747072,
        "f1-score": 0.7498542274052478,
        "support": 2135.0
    },
    "ch13": {
        "precision": 0.9983007646559049,
        "recall": 0.6560580681183696,
        "f1-score": 0.7917789757412399,
        "support": 1791.0
    },
    "ch14": {
        "precision": 0.9738276990185387,
        "recall": 0.6231681786461968,
        "f1-score": 0.76,
        "support": 1433.0
    },
    "micro avg": {
        "precision": 0.8831389556349997,
        "recall": 0.5720956719817768,
        "f1-score": 0.6943759647950603,
        "support": 26340.0
    },
    "macro avg": {
        "precision": 0.894945112620325,
        "recall": 0.5784717215013906,
        "f1-score": 0.694544557509669,
        "support": 26340.0
    },
    "weighted avg": {
        "precision": 0.902538610264085,
        "recall": 0.5720956719817768,
        "f1-score": 0.6924389617853489,
        "support": 26340.0
    },
    "samples avg": {
        "precision": 0.6034867030820142,
        "recall": 0.570905820696499,
        "f1-score": 0.5748416980833949,
        "support": 26340.0
    }
}