{
    "ch0": {
        "precision": 0.9546079779917469,
        "recall": 0.6666666666666666,
        "f1-score": 0.7850678733031674,
        "support": 1041.0
    },
    "ch1": {
        "precision": 0.9652061855670103,
        "recall": 0.6915974145891043,
        "f1-score": 0.8058095750403442,
        "support": 1083.0
    },
    "ch2": {
        "precision": 0.9657615112160567,
        "recall": 0.6914623837700761,
        "f1-score": 0.8059113300492611,
        "support": 1183.0
    },
    "ch3": {
        "precision": 0.9779837775202781,
        "recall": 0.7092436974789916,
        "f1-score": 0.8222113979542134,
        "support": 1190.0
    },
    "ch4": {
        "precision": 0.969173859432799,
        "recall": 0.7594202898550725,
        "f1-score": 0.8515709642470206,
        "support": 1035.0
    },
    "ch5": {
        "precision": 0.9766407119021134,
        "recall": 0.7280265339966833,
        "f1-score": 0.8342042755344418,
        "support": 1206.0
    },
    "ch6": {
        "precision": 0.9684729064039409,
        "recall": 0.6420640104506858,
        "f1-score": 0.772191673212883,
        "support": 1531.0
    },
    "ch7": {
        "precision": 0.9723145071982281,
        "recall": 0.6527881040892193,
        "f1-score": 0.7811387900355872,
        "support": 1345.0
    },
    "ch8": {
        "precision": 0.9810055865921787,
        "recall": 0.5989085948158254,
        "f1-score": 0.7437526471833968,
        "support": 1466.0
    },
    "ch9": {
        "precision": 0.9719222462203023,
        "recall": 0.30927835051546393,
        "f1-score": 0.4692387904066736,
        "support": 1455.0
    },
    "ch10": {
        "precision": 0.7813121272365805,
        "recall": 0.3016116653875672,
        "f1-score": 0.43521594684385384,
        "support": 1303.0
    },
    "ch11": {
        "precision": 0.988558352402746,
        "recall": 0.2887700534759358,
        "f1-score": 0.4469736161407139,
        "support": 1496.0
    },
    "ch12": {
        "precision": 0.9710327455919395,
        "recall": 0.4773993808049536,
        "f1-score": 0.6400996264009963,
        "support": 1615.0
    },
    "ch13": {
        "precision": 0.9828571428571429,
        "recall": 0.5103857566765578,
        "f1-score": 0.671875,
        "support": 1348.0
    },
    "ch14": {
        "precision": 0.9907063197026023,
        "recall": 0.499063670411985,
        "f1-score": 0.663760896637609,
        "support": 1068.0
    },
    "micro avg": {
        "precision": 0.9645510697341331,
        "recall": 0.5564162148205526,
        "f1-score": 0.7057243908828923,
        "support": 19365.0
    },
    "macro avg": {
        "precision": 0.9611703971890442,
        "recall": 0.5684457715323193,
        "f1-score": 0.7019348268660106,
        "support": 19365.0
    },
    "weighted avg": {
        "precision": 0.96138384504789,
        "recall": 0.5564162148205526,
        "f1-score": 0.6919309726316171,
        "support": 19365.0
    },
    "samples avg": {
        "precision": 0.1734561213434453,
        "recall": 0.15959107703419728,
        "f1-score": 0.16376983796268735,
        "support": 19365.0
    },
    "hamming_score": 0.9900147234491763,
    "exact_match_accuracy": 0.8622885240436703,
    "optimal_thresholds": [
        0.23164556962025318,
        0.20126582278481014,
        0.29240506329113924,
        0.2721518987341772,
        0.34303797468354436,
        0.19113924050632913,
        0.1,
        0.1,
        0.1,
        0.1,
        0.1,
        0.1,
        0.1,
        0.44430379746835447,
        0.1708860759493671
    ]
}