{
    "ch0": {
        "precision": 0.9855699855699855,
        "recall": 0.6560999039385207,
        "f1-score": 0.7877739331026529,
        "support": 1041.0
    },
    "ch1": {
        "precision": 0.9928876244665719,
        "recall": 0.644506001846722,
        "f1-score": 0.7816349384098544,
        "support": 1083.0
    },
    "ch2": {
        "precision": 0.9864532019704434,
        "recall": 0.6770921386306001,
        "f1-score": 0.8030075187969925,
        "support": 1183.0
    },
    "ch3": {
        "precision": 0.990086741016109,
        "recall": 0.6714285714285714,
        "f1-score": 0.800200300450676,
        "support": 1190.0
    },
    "ch4": {
        "precision": 0.9796696315120712,
        "recall": 0.744927536231884,
        "f1-score": 0.8463227222832053,
        "support": 1035.0
    },
    "ch5": {
        "precision": 0.9988038277511961,
        "recall": 0.6923714759535655,
        "f1-score": 0.8178256611165524,
        "support": 1206.0
    },
    "ch6": {
        "precision": 0.9988023952095808,
        "recall": 0.5447419986936642,
        "f1-score": 0.7049873203719358,
        "support": 1531.0
    },
    "ch7": {
        "precision": 0.9894459102902374,
        "recall": 0.5576208178438662,
        "f1-score": 0.7132667617689016,
        "support": 1345.0
    },
    "ch8": {
        "precision": 0.993234100135318,
        "recall": 0.5006821282401092,
        "f1-score": 0.6657596371882086,
        "support": 1466.0
    },
    "ch9": {
        "precision": 0.9971751412429378,
        "recall": 0.24261168384879725,
        "f1-score": 0.3902708678828082,
        "support": 1455.0
    },
    "ch10": {
        "precision": 0.845108695652174,
        "recall": 0.23867996930161167,
        "f1-score": 0.37223219628964693,
        "support": 1303.0
    },
    "ch11": {
        "precision": 0.9945652173913043,
        "recall": 0.2446524064171123,
        "f1-score": 0.3927038626609442,
        "support": 1496.0
    },
    "ch12": {
        "precision": 0.993368700265252,
        "recall": 0.46377708978328175,
        "f1-score": 0.6323343182777543,
        "support": 1615.0
    },
    "ch13": {
        "precision": 0.9842632331902719,
        "recall": 0.5103857566765578,
        "f1-score": 0.6722032242305813,
        "support": 1348.0
    },
    "ch14": {
        "precision": 0.9961759082217974,
        "recall": 0.48782771535580527,
        "f1-score": 0.654934003771213,
        "support": 1068.0
    },
    "micro avg": {
        "precision": 0.9857512953367875,
        "recall": 0.510870126516912,
        "f1-score": 0.6729703071324105,
        "support": 19365.0
    },
    "macro avg": {
        "precision": 0.9817073542590168,
        "recall": 0.525160346279378,
        "f1-score": 0.6690304844401285,
        "support": 19365.0
    },
    "weighted avg": {
        "precision": 0.9819752176356212,
        "recall": 0.510870126516912,
        "f1-score": 0.6564870312094914,
        "support": 19365.0
    },
    "samples avg": {
        "precision": 0.16188432369364114,
        "recall": 0.14705947717865375,
        "f1-score": 0.15173764480373364,
        "support": 19365.0
    },
    "hamming_score": 0.9893157763146929,
    "exact_match_accuracy": 0.8523543628635719,
    "optimal_thresholds": [
        0.5,
        0.5,
        0.5,
        0.5,
        0.5,
        0.5,
        0.5,
        0.5,
        0.5,
        0.5,
        0.5,
        0.5,
        0.5,
        0.5,
        0.5
    ]
}